Threshold,Sensitivity_Mean,Sensitivity_STD,Specificity_Mean,Specificity_STD,Accuracy_Mean,Accuracy_STD
0.1,0.4813690476190476,0.3386289892391437,0.21470277777777777,0.1717641353687337,0.3036666666666667,0.15767307655613122
