Threshold,Sensitivity_Mean,Sensitivity_STD,Specificity_Mean,Specificity_STD,Accuracy_Mean,Accuracy_STD
0.23,0.24566428571428572,0.29072614719362583,0.32636785714285715,0.19271969375214426,0.3042222222222222,0.15505089977895326
