Threshold,Sensitivity_Mean,Sensitivity_STD,Specificity_Mean,Specificity_STD,Accuracy_Mean,Accuracy_STD
0.35000000000000003,0.939,0.239450070654273,0.30316666666666664,0.353228393643339,0.66625,0.2344747660536543
