Threshold,Sensitivity_Mean,Sensitivity_STD,Specificity_Mean,Specificity_STD,Accuracy_Mean,Accuracy_STD
0.17,0.7419142496392497,0.20467574321946003,0.3740722027972028,0.1785354772774689,0.5334615384615385,0.13790462764308756
