Threshold,Sensitivity_Mean,Sensitivity_STD,Specificity_Mean,Specificity_STD,Accuracy_Mean,Accuracy_STD
0.4,0.37439999999999996,0.415475007315634,0.44001608881744336,0.12389992452712861,0.4441052631578947,0.11803076251888736
