Threshold,Sensitivity_Mean,Sensitivity_STD,Specificity_Mean,Specificity_STD,Accuracy_Mean,Accuracy_STD
0.49,0.5032869047619046,0.24979031436810323,0.79775,0.24472420220504443,0.638875,0.17004271198407447
