Pipeline,Best_Threshold,Accuracy_Mean,Accuracy_STD,Sensitivity_Mean,Sensitivity_STD,Specificity_Mean,Specificity_STD,AUC_Mean,AUC_STD
global_supervised,0.0,0.558125,0.1780451050560909,0.999,0.0316227766016838,0.0,0.0,0.7105478361557389,0.22027962421548644
personal_ssl,0.27,0.7355,0.15732768987689996,0.999,0.0316227766016838,0.4025833333333333,0.2848486156368012,0.6669712211125587,0.2524386911329331
global_ssl,0.49,0.5505,0.17467544621815484,0.500547619047619,0.2582095497937892,0.6071988095238096,0.28777362042824706,0.5467397597336807,0.2440007801819588
