Threshold,Sensitivity_Mean,Sensitivity_STD,Specificity_Mean,Specificity_STD,Accuracy_Mean,Accuracy_STD
0.11,0.37938333333333335,0.42104599842338347,0.22969444444444442,0.14474856220362478,0.26730000000000004,0.14374063924781805
