Pipeline,Best_Threshold,Accuracy_Mean,Accuracy_STD,Sensitivity_Mean,Sensitivity_STD,Specificity_Mean,Specificity_STD,AUC_Mean,AUC_STD
global_supervised,0.28,0.5073333333333333,0.20327537094293432,0.63615,0.366349712479833,0.4088333333333333,0.26508597875347395,0.6035067607289829,0.26645641926443203
personal_ssl,0.0,0.3765,0.19172044479182024,0.948,0.22213812222431648,0.0,0.0,0.594129923574368,0.2690190584897142
global_ssl,0.34,0.372,0.19913727841781823,0.0,0.0,0.5917833333333333,0.2747573276349315,0.12789829512051734,0.1637363838154462
