Threshold,Sensitivity_Mean,Sensitivity_STD,Specificity_Mean,Specificity_STD,Accuracy_Mean,Accuracy_STD
0.09,0.7067595238095238,0.3224347598705597,0.10991349206349206,0.13108742459446562,0.3076666666666667,0.16100528090176433
