Threshold,Sensitivity_Mean,Sensitivity_STD,Specificity_Mean,Specificity_STD,Accuracy_Mean,Accuracy_STD
0.42,0.40427976190476195,0.30161423280363736,0.6365467171717171,0.18356651341037727,0.564090909090909,0.15496949528887913
