Threshold,Sensitivity_Mean,Sensitivity_STD,Specificity_Mean,Specificity_STD,Accuracy_Mean,Accuracy_STD
0.1,0.7972992063492064,0.2552051526001735,0.7243017316017317,0.16879963381463675,0.7511818181818182,0.13471816393656144
