Threshold,Sensitivity_Mean,Sensitivity_STD,Specificity_Mean,Specificity_STD,Accuracy_Mean,Accuracy_STD
0.55,0.0,0.0,0.9606853113175096,0.04572089008522433,0.8886315789473684,0.07558830404269923
