Threshold,Sensitivity_Mean,Sensitivity_STD,Specificity_Mean,Specificity_STD,Accuracy_Mean,Accuracy_STD
0.23,0.942,0.2338604085575211,0.07566941155679545,0.06233094643176779,0.20042857142857143,0.09021149134040077
