Threshold,Sensitivity_Mean,Sensitivity_STD,Specificity_Mean,Specificity_STD,Accuracy_Mean,Accuracy_STD
0.5,0.989,0.10435463521037239,0.719470238095238,0.21892091256062285,0.837,0.12763636253451066
