Threshold,Sensitivity_Mean,Sensitivity_STD,Specificity_Mean,Specificity_STD,Accuracy_Mean,Accuracy_STD
0.42,0.8561416121460239,0.11904262433981051,0.15341017316017316,0.12509191541421094,0.5204736842105262,0.12015561114194558
