Pipeline,Best_Threshold,Accuracy_Mean,Accuracy_STD,Sensitivity_Mean,Sensitivity_STD,Specificity_Mean,Specificity_STD,AUC_Mean,AUC_STD
global_supervised,0.37,0.6232727272727272,0.14982027745610618,0.7710132395382395,0.1775575942803355,0.4276694444444445,0.24354070786190588,0.6640592412157106,0.19530670449719312
personal_ssl,0.26,0.6962727272727273,0.1357851350190747,1.0,0.0,0.28755238095238095,0.2175883074634587,0.6074513222206301,0.23120174996072473
global_ssl,0.04,0.6298181818181817,0.14475260603290346,0.8834113275613277,0.1377465969295437,0.28755238095238095,0.2175883074634587,0.5081323335084619,0.20618948161553552
