Pipeline,Best_Threshold,Accuracy_Mean,Accuracy_STD,Sensitivity_Mean,Sensitivity_STD,Specificity_Mean,Specificity_STD,AUC_Mean,AUC_STD
global_supervised,0.22,0.5082727272727272,0.15158936211557666,0.8861217171717173,0.1361094305329468,0.0,0.0,0.5847176449984876,0.19907407504723004
personal_ssl,0.27,0.6962727272727273,0.1357851350190747,1.0,0.0,0.28755238095238095,0.2175883074634587,0.667619923261849,0.20959484575744242
global_ssl,0.36,0.6298181818181817,0.14475260603290346,0.8834113275613277,0.1377465969295437,0.28755238095238095,0.2175883074634587,0.44060793491585865,0.2005736403761782
