Pipeline,Best_Threshold,Accuracy_Mean,Accuracy_STD,Sensitivity_Mean,Sensitivity_STD,Specificity_Mean,Specificity_STD,AUC_Mean,AUC_STD
global_supervised,0.22,0.5082727272727272,0.15158936211557666,0.8861217171717173,0.1361094305329468,0.0,0.0,0.5847176449984876,0.19907407504723004
personal_ssl,0.28,0.6962727272727273,0.1357851350190747,1.0,0.0,0.28755238095238095,0.2175883074634587,0.6212972250083584,0.22875699673955888
global_ssl,0.33,0.5674545454545455,0.1490499978271234,0.7736576479076479,0.17586005284352577,0.28755238095238095,0.2175883074634587,0.555604511948544,0.2105814223970672
