Threshold,Sensitivity_Mean,Sensitivity_STD,Specificity_Mean,Specificity_STD,Accuracy_Mean,Accuracy_STD
0.27,0.749,0.4338054715966445,0.3344792818292818,0.13008296608734296,0.4,0.13107419941344034
