Threshold,Sensitivity_Mean,Sensitivity_STD,Specificity_Mean,Specificity_STD,Accuracy_Mean,Accuracy_STD
0.17,0.749,0.4338054715966445,0.11148349150849152,0.09004031199329902,0.19914285714285715,0.11096675061562887
