Pipeline,Best_Threshold,Accuracy_Mean,Accuracy_STD,Sensitivity_Mean,Sensitivity_STD,Specificity_Mean,Specificity_STD,AUC_Mean,AUC_STD
global_supervised,0.0,0.31690909090909086,0.14224447155525988,0.983,0.1293357171384909,0.0,0.0,0.49283271972742976,0.20483417291097758
personal_ssl,0.07,0.31690909090909086,0.14224447155525988,0.983,0.1293357171384909,0.0,0.0,0.734033126645029,0.2096572604849552
global_ssl,0.22,0.43872727272727263,0.15186211978548103,0.983,0.1293357171384909,0.1789297619047619,0.142682582646836,0.48521189588076663,0.18915906314451653
