Pipeline,Best_Threshold,Accuracy_Mean,Accuracy_STD,Sensitivity_Mean,Sensitivity_STD,Specificity_Mean,Specificity_STD,AUC_Mean,AUC_STD
global_supervised,0.0,0.31690909090909086,0.14224447155525988,0.983,0.1293357171384909,0.0,0.0,0.49283271972742976,0.20483417291097758
personal_ssl,0.07,0.44499999999999995,0.15077556320751445,0.7972992063492064,0.2552051526001735,0.2757060606060606,0.16784883143691334,0.6968740412407758,0.21357950488321967
global_ssl,0.12,0.31690909090909086,0.14224447155525988,0.983,0.1293357171384909,0.0,0.0,0.5768660482165059,0.2058454630152026
