Pipeline,Best_Threshold,Accuracy_Mean,Accuracy_STD,Sensitivity_Mean,Sensitivity_STD,Specificity_Mean,Specificity_STD,AUC_Mean,AUC_STD
global_supervised,0.0,0.31690909090909086,0.14224447155525988,0.983,0.1293357171384909,0.0,0.0,0.49283271972742976,0.20483417291097758
personal_ssl,0.07,0.3804545454545454,0.14853122343215114,0.7972992063492064,0.2552051526001735,0.1817796176046176,0.14649515304549482,0.6600330620549338,0.21639724470511604
global_ssl,0.1,0.31690909090909086,0.14224447155525988,0.983,0.1293357171384909,0.0,0.0,0.4465555313342699,0.1908400285860781
