Pipeline,Best_Threshold,Accuracy_Mean,Accuracy_STD,Sensitivity_Mean,Sensitivity_STD,Specificity_Mean,Specificity_STD,AUC_Mean,AUC_STD
global_supervised,0.0,0.36369999999999997,0.15425986550657336,0.989,0.10435463521037239,0.0,0.0,0.9152559904986599,0.11069543077706871
personal_ssl,0.58,0.36369999999999997,0.15425986550657336,0.989,0.10435463521037239,0.0,0.0,0.1120628902049529,0.14103319230153158
global_ssl,0.36,0.7195999999999999,0.140198058101728,0.989,0.10435463521037239,0.5575916666666667,0.2056229105009059,0.955667621615549,0.07010098587022649
