Pipeline,Best_Threshold,Accuracy_Mean,Accuracy_STD,Sensitivity_Mean,Sensitivity_STD,Specificity_Mean,Specificity_STD,AUC_Mean,AUC_STD
global_supervised,0.0,0.36369999999999997,0.15425986550657336,0.989,0.10435463521037239,0.0,0.0,0.89605301170013,0.12526365517924354
personal_ssl,0.42,0.36369999999999997,0.15425986550657336,0.989,0.10435463521037239,0.0,0.0,0.5569248238560676,0.21214744718948164
global_ssl,0.26,0.653,0.1505113073946727,0.989,0.10435463521037239,0.45328809523809527,0.20828079995943602,0.9093574156996805,0.12343460297023755
