Threshold,Sensitivity_Mean,Sensitivity_STD,Specificity_Mean,Specificity_STD,Accuracy_Mean,Accuracy_STD
0.44,0.49396522366522366,0.23356202613311874,0.7230754467754468,0.17314969133019703,0.6247692307692307,0.13872556810041634
