Threshold,Sensitivity_Mean,Sensitivity_STD,Specificity_Mean,Specificity_STD,Accuracy_Mean,Accuracy_STD
0.21,0.997,0.054717401199198,0.17992670107670108,0.14750246969863826,0.527,0.13708665628431116
