Threshold,Sensitivity_Mean,Sensitivity_STD,Specificity_Mean,Specificity_STD,Accuracy_Mean,Accuracy_STD
0.13,0.997,0.054717401199198,0.36189783549783544,0.18322649505531502,0.6322307692307693,0.13381222083267275
