Pipeline,Best_Threshold,Accuracy_Mean,Accuracy_STD,Sensitivity_Mean,Sensitivity_STD,Specificity_Mean,Specificity_STD,AUC_Mean,AUC_STD
global_supervised,0.48,0.8887894736842106,0.0736878042580622,0.0,0.0,0.9611041155396032,0.04708003597509904,0.523809941583471,0.27689332535004385
personal_ssl,0.54,0.8867368421052632,0.07489458743412476,0.0,0.0,0.9588634016224574,0.04903772334204914,0.31791853527735886,0.19109758412636935
global_ssl,0.6900000000000001,0.7013684210526315,0.10570640569196892,0.37560000000000004,0.4158362442166705,0.7169560896018325,0.10772469884760329,0.7744021894227777,0.10904850040408796
