Pipeline,Best_Threshold,Accuracy_Mean,Accuracy_STD,Sensitivity_Mean,Sensitivity_STD,Specificity_Mean,Specificity_STD,AUC_Mean,AUC_STD
global_supervised,0.21,0.6326666666666666,0.1931987841956028,0.4959333333333333,0.31838629376007455,0.7570666666666667,0.28372327089966654,0.5364355646630237,0.27145153252093307
personal_ssl,0.28,0.7558333333333332,0.1760595614881897,0.7428666666666666,0.2805412170886779,0.7570666666666667,0.28372327089966654,0.7875256147540983,0.20611114791408502
global_ssl,0.45,0.7558333333333332,0.1760595614881897,0.7428666666666666,0.2805412170886779,0.7570666666666667,0.28372327089966654,0.7317025273224044,0.22630095205999695
