Threshold,Sensitivity_Mean,Sensitivity_STD,Specificity_Mean,Specificity_STD,Accuracy_Mean,Accuracy_STD
0.6,1.0,0.0,0.36916666666666664,0.4235449947582984,0.9359,0.07646592075583107
0.61,0.8440083333333334,0.12650642550730445,0.36916666666666664,0.4235449947582984,0.8001000000000001,0.13002652382070706
0.62,0.8440083333333334,0.12650642550730445,0.36916666666666664,0.4235449947582984,0.8001000000000001,0.13002652382070706
0.63,0.7637920634920635,0.14583933679135938,0.36916666666666664,0.4235449947582984,0.73,0.1436685095650423
