Pipeline,Best_Threshold,Accuracy_Mean,Accuracy_STD,Sensitivity_Mean,Sensitivity_STD,Specificity_Mean,Specificity_STD,AUC_Mean,AUC_STD
global_supervised,0.0,0.31344444444444447,0.1554331230852946,0.958,0.20068950215762724,0.0,0.0,0.8102723100374456,0.17190346917287877
personal_ssl,0.34,0.6993333333333334,0.1524064353913876,0.958,0.20068950215762724,0.5611769841269841,0.20673128345117345,0.9188512774629685,0.1034956018316729
global_ssl,0.0,0.31344444444444447,0.1554331230852946,0.958,0.20068950215762724,0.0,0.0,0.9418182721940551,0.09521709940482208
