Threshold,Sensitivity_Mean,Sensitivity_STD,Specificity_Mean,Specificity_STD,Accuracy_Mean,Accuracy_STD
0.19,1.0,0.0,0.07512593933843933,0.0940369731568923,0.5582105263157895,0.11576078115316098
