Threshold,Sensitivity_Mean,Sensitivity_STD,Specificity_Mean,Specificity_STD,Accuracy_Mean,Accuracy_STD
0.12,0.942,0.2338604085575211,0.03807434470414347,0.045532516508660206,0.16795238095238094,0.08446735092820545
