Threshold,Sensitivity_Mean,Sensitivity_STD,Specificity_Mean,Specificity_STD,Accuracy_Mean,Accuracy_STD
0.08,0.0,0.0,0.5468273809523808,0.18211302145236125,0.46055555555555555,0.16390870506003838
