Threshold,Sensitivity_Mean,Sensitivity_STD,Specificity_Mean,Specificity_STD,Accuracy_Mean,Accuracy_STD
0.46,0.8743417282064342,0.1021533551419211,0.33399501470751464,0.17202125820834135,0.6464500000000001,0.109393164157384
