Threshold,Sensitivity_Mean,Sensitivity_STD,Specificity_Mean,Specificity_STD,Accuracy_Mean,Accuracy_STD
0.47000000000000003,0.0,0.0,0.5985582418999987,0.11824444811875984,0.53395,0.11325954805324462
