Threshold,Sensitivity_Mean,Sensitivity_STD,Specificity_Mean,Specificity_STD,Accuracy_Mean,Accuracy_STD
0.39,0.43203452380952384,0.20479242876449552,0.949,0.22010780869257554,0.6048888888888889,0.16128232170928689
