Threshold,Sensitivity_Mean,Sensitivity_STD,Specificity_Mean,Specificity_STD,Accuracy_Mean,Accuracy_STD
0.27,0.6842919749368278,0.14200040368958877,0.14152430747357217,0.11728355309832714,0.4347142857142857,0.11071571698782752
