Threshold,Sensitivity_Mean,Sensitivity_STD,Specificity_Mean,Specificity_STD,Accuracy_Mean,Accuracy_STD
0.2,0.9364649766899767,0.07524361404369838,0.5021347666222666,0.18489181037774902,0.75295,0.09663402938735213
