Threshold,Sensitivity_Mean,Sensitivity_STD,Specificity_Mean,Specificity_STD,Accuracy_Mean,Accuracy_STD
0.52,0.560219256560433,0.15120477782527822,0.5901021547896547,0.1786583175278831,0.57305,0.1080410587247754
