Threshold,Sensitivity_Mean,Sensitivity_STD,Specificity_Mean,Specificity_STD,Accuracy_Mean,Accuracy_STD
0.29,0.8739698256808552,0.09895738261296484,0.5021347666222666,0.18489181037774902,0.7165499999999999,0.09865764456356553
