Threshold,Sensitivity_Mean,Sensitivity_STD,Specificity_Mean,Specificity_STD,Accuracy_Mean,Accuracy_STD
0.39,0.5450535714285715,0.19596798978599678,0.4198,0.42786605695711527,0.541,0.1737611663834671
