Threshold,Sensitivity_Mean,Sensitivity_STD,Specificity_Mean,Specificity_STD,Accuracy_Mean,Accuracy_STD
0.4,0.8818380952380953,0.12991766538433963,0.4198,0.42786605695711527,0.818125,0.1365402967172242
