Threshold,Sensitivity_Mean,Sensitivity_STD,Specificity_Mean,Specificity_STD,Accuracy_Mean,Accuracy_STD
0.49,0.776,0.41713067256915787,0.5461777777777778,0.1860404825279825,0.617111111111111,0.16530171805315472
