Threshold,Sensitivity_Mean,Sensitivity_STD,Specificity_Mean,Specificity_STD,Accuracy_Mean,Accuracy_STD
0.44,0.6695071428571429,0.24840459742530244,0.25118095238095234,0.2897425052285498,0.5104285714285715,0.18385483000694933
