Threshold,Sensitivity_Mean,Sensitivity_STD,Specificity_Mean,Specificity_STD,Accuracy_Mean,Accuracy_STD
0.31,0.9375048489908785,0.07186780074414867,0.1643958347208347,0.1335030061139579,0.6113,0.10880785426222295
