Pipeline,Best_Threshold,Accuracy_Mean,Accuracy_STD,Sensitivity_Mean,Sensitivity_STD,Specificity_Mean,Specificity_STD,AUC_Mean,AUC_STD
global_supervised,0.47000000000000003,0.53395,0.11325954805324462,0.0,0.0,0.5985582418999987,0.11824444811875984,0.2756499861688599,0.1338211832267963
personal_ssl,0.07,0.31989999999999996,0.11113658867061443,0.89,0.31304631925323445,0.23782430652422912,0.1080236059488729,0.7084051332526369,0.1736100815686027
global_ssl,0.24,0.42615,0.10772781805449688,0.5844714285714285,0.3945587166272985,0.39789380611218844,0.11356239223653057,0.369583890998893,0.15365500737975615
