Threshold,Sensitivity_Mean,Sensitivity_STD,Specificity_Mean,Specificity_STD,Accuracy_Mean,Accuracy_STD
0.15,0.0,0.0,0.25288235294117645,0.10997159265299837,0.25288235294117645,0.10997159265299837
