Threshold,Sensitivity_Mean,Sensitivity_STD,Specificity_Mean,Specificity_STD,Accuracy_Mean,Accuracy_STD
0.32,0.8903503323387999,0.08904662353541276,0.12382851349716674,0.10190507964967176,0.5329583333333334,0.10524193934146171
