Threshold,Sensitivity_Mean,Sensitivity_STD,Specificity_Mean,Specificity_STD,Accuracy_Mean,Accuracy_STD
0.36,0.32967341269841266,0.19846361711818572,0.949,0.22010780869257554,0.5331111111111111,0.16856319097543496
