Pipeline,Best_Threshold,Accuracy_Mean,Accuracy_STD,Sensitivity_Mean,Sensitivity_STD,Specificity_Mean,Specificity_STD,AUC_Mean,AUC_STD
global_supervised,0.0,0.2156,0.1340694395252498,0.902,0.2974634170523906,0.0,0.0,0.4344827631717876,0.27952612215985273
personal_ssl,0.12,0.2156,0.1340694395252498,0.902,0.2974634170523906,0.0,0.0,0.509267896737409,0.25549470277025754
global_ssl,0.24,0.2156,0.1340694395252498,0.902,0.2974634170523906,0.0,0.0,0.09370006687079858,0.10657620352013197
