Pipeline,Best_Threshold,Accuracy_Mean,Accuracy_STD,Sensitivity_Mean,Sensitivity_STD,Specificity_Mean,Specificity_STD,AUC_Mean,AUC_STD
global_supervised,0.0,0.2156,0.1340694395252498,0.902,0.2974634170523906,0.0,0.0,0.4344827631717876,0.27952612215985273
personal_ssl,0.17,0.2156,0.1340694395252498,0.902,0.2974634170523906,0.0,0.0,0.47812585788195544,0.27602095324828535
global_ssl,0.0,0.2156,0.1340694395252498,0.902,0.2974634170523906,0.0,0.0,0.2644184440221026,0.19605827427458733
