Threshold,Sensitivity_Mean,Sensitivity_STD,Specificity_Mean,Specificity_STD,Accuracy_Mean,Accuracy_STD
0.53,0.49766825396825404,0.221749546890977,0.6016321428571427,0.3071075885829584,0.5376666666666666,0.16182600777562012
