Threshold,Sensitivity_Mean,Sensitivity_STD,Specificity_Mean,Specificity_STD,Accuracy_Mean,Accuracy_STD
0.46,0.0,0.0,0.8793699220713926,0.07892750051364177,0.8448333333333334,0.08470128111824786
