Threshold,Sensitivity_Mean,Sensitivity_STD,Specificity_Mean,Specificity_STD,Accuracy_Mean,Accuracy_STD
0.11,0.504,0.5002341793942455,0.4811676335918983,0.11881328784166063,0.5013888888888889,0.11670353634062146
