Threshold,Sensitivity_Mean,Sensitivity_STD,Specificity_Mean,Specificity_STD,Accuracy_Mean,Accuracy_STD
0.35000000000000003,1.0,0.0,0.28755238095238095,0.2175883074634587,0.6962727272727273,0.1357851350190747
