Threshold,Sensitivity_Mean,Sensitivity_STD,Specificity_Mean,Specificity_STD,Accuracy_Mean,Accuracy_STD
0.43,0.7992297653327064,0.12967146467364998,0.4311113095238095,0.16478192766377245,0.62375,0.10744758016113011
