Threshold,Sensitivity_Mean,Sensitivity_STD,Specificity_Mean,Specificity_STD,Accuracy_Mean,Accuracy_STD
0.26,0.8764193237318237,0.09923812113987254,0.43104615915130623,0.17447092463201241,0.671,0.10333913115651
