Pipeline,Best_Threshold,Accuracy_Mean,Accuracy_STD,Sensitivity_Mean,Sensitivity_STD,Specificity_Mean,Specificity_STD,AUC_Mean,AUC_STD
global_supervised,0.0,0.5216,0.11342974171841487,1.0,0.0,0.0,0.0,0.7475323635188341,0.11026983864734433
personal_ssl,0.14,0.62325,0.11182326207879084,1.0,0.0,0.21327533993783995,0.14404236199691997,0.8115050379971335,0.10424681524798153
global_ssl,0.45,0.6584500000000001,0.10992352196268404,1.0,0.0,0.2869609543234543,0.15709690579429622,0.7875029394502556,0.10906942636929508
