Threshold,Sensitivity_Mean,Sensitivity_STD,Specificity_Mean,Specificity_STD,Accuracy_Mean,Accuracy_STD
0.5,0.6288921447833212,0.14480229413369633,0.5901021547896547,0.1786583175278831,0.6135499999999999,0.10726324115419458
