Threshold,Sensitivity_Mean,Sensitivity_STD,Specificity_Mean,Specificity_STD,Accuracy_Mean,Accuracy_STD
0.43,0.813452422740658,0.11702830252795131,0.5816718614718616,0.1827839396856555,0.71505,0.10183991785576453
