Threshold,Sensitivity_Mean,Sensitivity_STD,Specificity_Mean,Specificity_STD,Accuracy_Mean,Accuracy_STD
0.49,0.6622829365079365,0.19074813471922694,0.949,0.22010780869257554,0.764,0.14046757115417552
