Pipeline,Best_Threshold,Accuracy_Mean,Accuracy_STD,Sensitivity_Mean,Sensitivity_STD,Specificity_Mean,Specificity_STD,AUC_Mean,AUC_STD
global_supervised,0.48,0.8887894736842106,0.0736878042580622,0.0,0.0,0.9611041155396032,0.04708003597509904,0.523809941583471,0.27689332535004385
personal_ssl,0.71,0.8867368421052632,0.07489458743412476,0.0,0.0,0.9588634016224574,0.04903772334204914,0.47678429098134983,0.3345027790210938
global_ssl,0.52,0.8156315789473684,0.0916306874714339,0.37560000000000004,0.4158362442166705,0.8405639046711804,0.0904994149910862,0.8416539143862674,0.14834149154666776
