Pipeline,Best_Threshold,Accuracy_Mean,Accuracy_STD,Sensitivity_Mean,Sensitivity_STD,Specificity_Mean,Specificity_STD,AUC_Mean,AUC_STD
global_supervised,0.48,0.8887894736842106,0.0736878042580622,0.0,0.0,0.9611041155396032,0.04708003597509904,0.523809941583471,0.27689332535004385
personal_ssl,0.59,0.9248421052631579,0.063207398543464,0.0,0.0,1.0,0.0,0.5197475843328785,0.39457339906726385
global_ssl,0.56,0.7442105263157893,0.10167751056890932,0.75,0.4332293707583636,0.7235491843768546,0.10858040409003235,0.9018644521056287,0.08339030194950153
