Pipeline,Best_Threshold,Accuracy_Mean,Accuracy_STD,Sensitivity_Mean,Sensitivity_STD,Specificity_Mean,Specificity_STD,AUC_Mean,AUC_STD
global_supervised,0.56,0.9248421052631579,0.063207398543464,0.0,0.0,1.0,0.0,0.6005506236682707,0.33353621893316504
personal_ssl,0.59,0.9248421052631579,0.063207398543464,0.0,0.0,1.0,0.0,0.27616572098925035,0.1876148896788038
global_ssl,0.43,0.9628947368421055,0.044055985399456314,0.37560000000000004,0.4158362442166705,1.0,0.0,0.9807696030548971,0.03387382077921467
