Pipeline,Best_Threshold,Accuracy_Mean,Accuracy_STD,Sensitivity_Mean,Sensitivity_STD,Specificity_Mean,Specificity_STD,AUC_Mean,AUC_STD
global_supervised,0.21,0.16915384615384615,0.10756460434829689,0.902,0.29746341705239054,0.0,0.0,0.4619901101608419,0.15795555881879716
personal_ssl,0.14,0.16915384615384615,0.10756460434829689,0.902,0.29746341705239054,0.0,0.0,0.7173340148395582,0.17831730189600434
global_ssl,0.41000000000000003,0.16915384615384615,0.10756460434829689,0.902,0.29746341705239054,0.0,0.0,0.3667846904265973,0.23225213443695075
