Pipeline,Best_Threshold,Accuracy_Mean,Accuracy_STD,Sensitivity_Mean,Sensitivity_STD,Specificity_Mean,Specificity_STD,AUC_Mean,AUC_STD
global_supervised,0.26,0.5649230769230769,0.13826684805681883,0.902,0.29746341705239054,0.47603331390831394,0.15356354814237216,0.8863322006891851,0.09467186615287204
personal_ssl,0.25,0.2777692307692307,0.12635952692081875,0.902,0.29746341705239054,0.13033883893883894,0.10473058001434214,0.7089364103499359,0.16916265274666303
global_ssl,0.21,0.16915384615384615,0.10756460434829689,0.902,0.29746341705239054,0.0,0.0,0.3900442499112122,0.2539947229883495
