Threshold,Sensitivity_Mean,Sensitivity_STD,Specificity_Mean,Specificity_STD,Accuracy_Mean,Accuracy_STD
0.12,0.735,0.44155403969386353,0.14736944444444444,0.11969485078993097,0.2606,0.13995437552012166
