Pipeline,Best_Threshold,Accuracy_Mean,Accuracy_STD,Sensitivity_Mean,Sensitivity_STD,Specificity_Mean,Specificity_STD,AUC_Mean,AUC_STD
global_supervised,0.0,0.4229230769230769,0.13698285573130223,0.997,0.054717401199198,0.0,0.0,0.5412240328489075,0.16884733750350206
personal_ssl,0.1,0.5250769230769231,0.1403514829827667,0.997,0.054717401199198,0.17734690309690307,0.14647228518827013,0.8382902314446948,0.1240355624528942
global_ssl,0.39,0.6317692307692307,0.13783709280491338,0.87125670995671,0.16505663883282534,0.4520559579309579,0.19393822967735524,0.7634088774259287,0.17084449618565348
