Threshold,Sensitivity_Mean,Sensitivity_STD,Specificity_Mean,Specificity_STD,Accuracy_Mean,Accuracy_STD
0.37,0.8560003117797236,0.11642244394811808,0.38133139915639913,0.16756560577725987,0.629578947368421,0.11198391113026326
