Pipeline,Best_Threshold,Accuracy_Mean,Accuracy_STD,Sensitivity_Mean,Sensitivity_STD,Specificity_Mean,Specificity_STD,AUC_Mean,AUC_STD
global_supervised,0.0,0.534125,0.10576015910029442,1.0,0.0,0.0,0.0,0.5793361712143349,0.12557522623070205
personal_ssl,0.0,0.534125,0.10576015910029442,1.0,0.0,0.0,0.0,0.4358443086160772,0.125218820194563
global_ssl,0.0,0.534125,0.10576015910029442,1.0,0.0,0.0,0.0,0.507339336661468,0.11984648008322558
