Pipeline,Best_Threshold,Accuracy_Mean,Accuracy_STD,Sensitivity_Mean,Sensitivity_STD,Specificity_Mean,Specificity_STD,AUC_Mean,AUC_STD
global_supervised,0.19,0.431551724137931,0.09609213610557521,1.0,0.0,0.0,0.0,0.4892371330351496,0.11311159717963964
personal_ssl,0.03,0.4539310344827586,0.09446393349213714,0.9441011132129639,0.06506901602674903,0.08233940563967823,0.07013501115158612,0.7009781951920404,0.09882884828416669
global_ssl,0.09,0.503551724137931,0.09713693538915595,1.0,0.0,0.12696523386258377,0.08461287705608958,0.6980825449984687,0.09523090876380111
