Pipeline,Best_Threshold,Accuracy_Mean,Accuracy_STD,Sensitivity_Mean,Sensitivity_STD,Specificity_Mean,Specificity_STD,AUC_Mean,AUC_STD
global_supervised,0.0,0.534125,0.10576015910029442,1.0,0.0,0.0,0.0,0.5793361712143349,0.12557522623070205
personal_ssl,0.0,0.534125,0.10576015910029442,1.0,0.0,0.0,0.0,0.508754188527152,0.1204233145129959
global_ssl,0.0,0.534125,0.10576015910029442,1.0,0.0,0.0,0.0,0.472015690371684,0.12693386321724162
