Threshold,Sensitivity_Mean,Sensitivity_STD,Specificity_Mean,Specificity_STD,Accuracy_Mean,Accuracy_STD
0.17,0.5036690476190476,0.26872801286423265,0.5027738095238096,0.3431653795993024,0.5087142857142857,0.19038387939039328
