Threshold,Sensitivity_Mean,Sensitivity_STD,Specificity_Mean,Specificity_STD,Accuracy_Mean,Accuracy_STD
0.15,0.5032166666666666,0.25715863300626296,0.5027738095238096,0.3431653795993024,0.5105714285714286,0.18791304188722854
