Threshold,Sensitivity_Mean,Sensitivity_STD,Specificity_Mean,Specificity_STD,Accuracy_Mean,Accuracy_STD
0.39,0.3373785714285714,0.24618522033745086,0.2515928571428571,0.3000594019679023,0.3067142857142857,0.18075758893894397
