Threshold,Sensitivity_Mean,Sensitivity_STD,Specificity_Mean,Specificity_STD,Accuracy_Mean,Accuracy_STD
0.3,0.5464321428571428,0.20114740932674632,0.4198,0.42786605695711527,0.541625,0.17915448837722628
