Threshold,Sensitivity_Mean,Sensitivity_STD,Specificity_Mean,Specificity_STD,Accuracy_Mean,Accuracy_STD
0.43,0.635186507936508,0.21496743097496854,0.38036785714285715,0.30054671363782326,0.5445555555555556,0.1645567331487759
