Threshold,Sensitivity_Mean,Sensitivity_STD,Specificity_Mean,Specificity_STD,Accuracy_Mean,Accuracy_STD
0.37,0.8785107142857144,0.14563811926524323,0.5853642857142858,0.3043808671502154,0.7706666666666667,0.14078744637102042
