Threshold,Sensitivity_Mean,Sensitivity_STD,Specificity_Mean,Specificity_STD,Accuracy_Mean,Accuracy_STD
0.47000000000000003,0.7842051587301587,0.25905972225948454,0.0,0.0,0.25299999999999995,0.1339199551564286
