Threshold,Sensitivity_Mean,Sensitivity_STD,Specificity_Mean,Specificity_STD,Accuracy_Mean,Accuracy_STD
0.4,0.6179595238095239,0.38285416953794943,0.6085426351426351,0.15063124083046198,0.6208461538461538,0.13598390272129313
