Threshold,Sensitivity_Mean,Sensitivity_STD,Specificity_Mean,Specificity_STD,Accuracy_Mean,Accuracy_STD
0.24,0.5844714285714285,0.3945587166272985,0.39789380611218844,0.11356239223653057,0.42615,0.10772781805449688
