Pipeline,Best_Threshold,Accuracy_Mean,Accuracy_STD,Sensitivity_Mean,Sensitivity_STD,Specificity_Mean,Specificity_STD,AUC_Mean,AUC_STD
global_supervised,0.16,0.5219473684210526,0.11713410719952383,1.0,0.0,0.0,0.0,0.6281892348664407,0.13604751342547877
personal_ssl,0.1,0.6296842105263158,0.11059044654655294,1.0,0.0,0.22436009962259962,0.14435321802387063,0.8039809065934066,0.1092025432443524
global_ssl,0.29,0.5219473684210526,0.11713410719952383,1.0,0.0,0.0,0.0,0.7295089159206807,0.12471883148010585
