Threshold,Sensitivity_Mean,Sensitivity_STD,Specificity_Mean,Specificity_STD,Accuracy_Mean,Accuracy_STD
0.5700000000000001,0.3145,0.36545401895902946,0.30316666666666664,0.353228393643339,0.3305,0.2466385626388959
