Pipeline,Best_Threshold,Accuracy_Mean,Accuracy_STD,Sensitivity_Mean,Sensitivity_STD,Specificity_Mean,Specificity_STD,AUC_Mean,AUC_STD
global_supervised,0.43,1.0,0.0,0.883,0.3215811163834319,0.55,0.49774265212833413,1.0,0.0
personal_ssl,0.0,0.6665,0.33784891873719514,0.883,0.3215811163834319,0.0,0.0,0.48267898383371827,0.5002779143810804
global_ssl,0.8300000000000001,1.0,0.0,0.883,0.3215811163834319,0.55,0.49774265212833413,1.0,0.0
