Pipeline,Best_Threshold,Accuracy_Mean,Accuracy_STD,Sensitivity_Mean,Sensitivity_STD,Specificity_Mean,Specificity_STD,AUC_Mean,AUC_STD
global_supervised,0.25,0.49171428571428566,0.18791912971701236,0.0,0.0,0.8273738095238096,0.1968885545692809,0.24946514837819184,0.1365875599605499
personal_ssl,0.0,0.40571428571428575,0.1881236097180513,0.967,0.17872588772459053,0.0,0.0,0.3778985507246377,0.18310142547701355
global_ssl,0.45,0.5925714285714284,0.1877810179178985,0.23393571428571427,0.27268176939397964,0.8300190476190475,0.2042091439702371,0.5804865424430642,0.18525008130198217
