Pipeline,Best_Threshold,Accuracy_Mean,Accuracy_STD,Sensitivity_Mean,Sensitivity_STD,Specificity_Mean,Specificity_STD,AUC_Mean,AUC_STD
global_supervised,0.47000000000000003,0.8556,0.1591664976493922,0.7915333333333333,0.2368684116175054,0.807,0.394850486775573,0.9019485903814262,0.1672602649968
personal_ssl,0.5700000000000001,0.2828,0.2070435389646995,0.20293333333333333,0.22956525624218532,0.39321666666666666,0.42027875479463833,0.3012023217247098,0.27285004703451154
global_ssl,0.18,0.8594,0.15715068035594482,0.997,0.054717401199198,0.41378333333333334,0.42497949566820875,0.6986940298507462,0.3074509793255906
