Threshold,Sensitivity_Mean,Sensitivity_STD,Specificity_Mean,Specificity_STD,Accuracy_Mean,Accuracy_STD
0.53,0.939,0.239450070654273,0.6318333333333334,0.38230225754923075,0.83525,0.18929016949717245
0.54,0.939,0.239450070654273,0.6318333333333334,0.38230225754923075,0.83525,0.18929016949717245
