Threshold,Sensitivity_Mean,Sensitivity_STD,Specificity_Mean,Specificity_STD,Accuracy_Mean,Accuracy_STD
0.56,0.9264854488648607,0.08715026157041286,0.37986240842490837,0.1664371462151797,0.6655263157894736,0.10983909574383627
