Threshold,Sensitivity_Mean,Sensitivity_STD,Specificity_Mean,Specificity_STD,Accuracy_Mean,Accuracy_STD
0.53,0.7142348195105549,0.15166448430560084,0.37480954323454324,0.16530126383289004,0.553,0.11150493373727766
