Threshold,Sensitivity_Mean,Sensitivity_STD,Specificity_Mean,Specificity_STD,Accuracy_Mean,Accuracy_STD
0.5700000000000001,0.9264854488648607,0.08715026157041286,0.37367583111333114,0.168537241355558,0.6623157894736842,0.11201347210072315
