Threshold,Sensitivity_Mean,Sensitivity_STD,Specificity_Mean,Specificity_STD,Accuracy_Mean,Accuracy_STD
0.22,0.5974333333333334,0.3823373069172104,0.18896309523809524,0.14152756101395786,0.2906,0.14660536529449777
