Threshold,Sensitivity_Mean,Sensitivity_STD,Specificity_Mean,Specificity_STD,Accuracy_Mean,Accuracy_STD
0.55,0.7428666666666666,0.2805412170886779,0.988,0.10893974420691409,0.8731666666666668,0.13401135166734587
