Threshold,Sensitivity_Mean,Sensitivity_STD,Specificity_Mean,Specificity_STD,Accuracy_Mean,Accuracy_STD
0.07,0.7972992063492064,0.2552051526001735,0.1817796176046176,0.14649515304549482,0.3804545454545454,0.14853122343215114
