Threshold,Sensitivity_Mean,Sensitivity_STD,Specificity_Mean,Specificity_STD,Accuracy_Mean,Accuracy_STD
0.33,0.7972992063492064,0.2552051526001735,0.45344563492063494,0.18857813473984975,0.5661818181818181,0.15338771872306134
