Threshold,Sensitivity_Mean,Sensitivity_STD,Specificity_Mean,Specificity_STD,Accuracy_Mean,Accuracy_STD
0.45,0.23393571428571427,0.27268176939397964,0.8300190476190475,0.2042091439702371,0.5925714285714284,0.1877810179178985
