Pipeline,Best_Threshold,Accuracy_Mean,Accuracy_STD,Sensitivity_Mean,Sensitivity_STD,Specificity_Mean,Specificity_STD,AUC_Mean,AUC_STD
global_supervised,0.4,0.822625,0.13113325400258055,1.0,0.0,0.0,0.0,0.3319732105977459,0.2099393211115548
personal_ssl,0.45,0.467125,0.17409456709872737,0.4560738095238095,0.1948257044694448,0.4198,0.42786605695711527,0.7423695934383667,0.2526086444417583
global_ssl,0.25,0.915125,0.09622171268997967,1.0,0.0,0.4198,0.42786605695711527,0.6717833539859562,0.31224784331886013
