Pipeline,Best_Threshold,Accuracy_Mean,Accuracy_STD,Sensitivity_Mean,Sensitivity_STD,Specificity_Mean,Specificity_STD,AUC_Mean,AUC_STD
global_supervised,0.0,0.822625,0.13113325400258055,1.0,0.0,0.0,0.0,0.16544447394819142,0.18252203030620084
personal_ssl,0.48,0.552,0.17495101559538845,0.4560738095238095,0.1948257044694448,0.807,0.394850486775573,0.8408575264058537,0.1793219656494291
global_ssl,0.4,0.818125,0.1365402967172242,0.8818380952380953,0.12991766538433963,0.4198,0.42786605695711527,0.721078214433233,0.21273501312461554
