Pipeline,Best_Threshold,Accuracy_Mean,Accuracy_STD,Sensitivity_Mean,Sensitivity_STD,Specificity_Mean,Specificity_STD,AUC_Mean,AUC_STD
global_supervised,0.0,0.822625,0.13113325400258055,1.0,0.0,0.0,0.0,0.16544447394819142,0.18252203030620084
personal_ssl,0.34,0.554625,0.16936770587923422,0.5633309523809523,0.18620500481303628,0.4198,0.42786605695711527,0.7423695934383667,0.2526086444417583
global_ssl,0.39,0.541,0.1737611663834671,0.5450535714285715,0.19596798978599678,0.4198,0.42786605695711527,0.3894361833952912,0.2203966243967548
