Threshold,Sensitivity_Mean,Sensitivity_STD,Specificity_Mean,Specificity_STD,Accuracy_Mean,Accuracy_STD
0.41000000000000003,0.0,0.0,0.7055142857142858,0.16817591800820147,0.643375,0.17090111634090216
