Threshold,Sensitivity_Mean,Sensitivity_STD,Specificity_Mean,Specificity_STD,Accuracy_Mean,Accuracy_STD
0.35000000000000003,0.0,0.0,0.4976083333333334,0.1900552263726377,0.453375,0.1798411165506993
