Pipeline,Best_Threshold,Accuracy_Mean,Accuracy_STD,Sensitivity_Mean,Sensitivity_STD,Specificity_Mean,Specificity_STD,AUC_Mean,AUC_STD
global_supervised,0.0,0.5216,0.11342974171841487,1.0,0.0,0.0,0.0,0.8560260627974967,0.08637604427418284
personal_ssl,0.07,0.62325,0.11182326207879084,1.0,0.0,0.21327533993783995,0.14404236199691997,0.7266712978524744,0.12302978712612063
global_ssl,0.47000000000000003,0.8299000000000001,0.08451705823757197,0.9320409359431419,0.08187778821265189,0.7190961094461095,0.15050097469478171,0.798718543454095,0.10831937854632419
