Pipeline,Best_Threshold,Accuracy_Mean,Accuracy_STD,Sensitivity_Mean,Sensitivity_STD,Specificity_Mean,Specificity_STD,AUC_Mean,AUC_STD
global_supervised,0.19,0.5395,0.17607385382844895,0.2874785714285714,0.20941757409664055,0.973,0.16216441439877397,0.67733935300739,0.22134044392948407
personal_ssl,0.42,0.738625,0.14833066561355868,1.0,0.0,0.2490952380952381,0.280198149648706,0.5039959868839622,0.2767057351427134
global_ssl,0.11,0.645625,0.16815100099058028,1.0,0.0,0.0,0.0,0.6280031077179073,0.24884012652826393
