Threshold,Sensitivity_Mean,Sensitivity_STD,Specificity_Mean,Specificity_STD,Accuracy_Mean,Accuracy_STD
0.15,0.87125670995671,0.16505663883282534,0.1819711344211344,0.1449684031242583,0.47569230769230775,0.14099191095818947
