Threshold,Sensitivity_Mean,Sensitivity_STD,Specificity_Mean,Specificity_STD,Accuracy_Mean,Accuracy_STD
0.39,0.6148926767676768,0.21936253628127525,0.4520559579309579,0.19393822967735524,0.5223076923076924,0.1367210925724177
