Threshold,Sensitivity_Mean,Sensitivity_STD,Specificity_Mean,Specificity_STD,Accuracy_Mean,Accuracy_STD
0.51,0.939,0.239450070654273,0.30316666666666664,0.353228393643339,0.66625,0.2344747660536543
0.52,0.939,0.239450070654273,0.30316666666666664,0.353228393643339,0.66625,0.2344747660536543
0.53,0.939,0.239450070654273,0.6249166666666667,0.37940677130122535,0.83475,0.1865200451083669
