Pipeline,Best_Threshold,Accuracy_Mean,Accuracy_STD,Sensitivity_Mean,Sensitivity_STD,Specificity_Mean,Specificity_STD,AUC_Mean,AUC_STD
global_supervised,0.46,0.5121428571428571,0.18639860062743735,0.5100809523809524,0.2573891853843971,0.5027738095238096,0.3431653795993024,0.562184146763586,0.3155583614417995
personal_ssl,0.15,0.5105714285714286,0.18791304188722854,0.5032166666666666,0.25715863300626296,0.5027738095238096,0.3431653795993024,0.4326929733471789,0.30135291035066586
global_ssl,0.14,0.6078571428571429,0.18547570723053342,0.6636142857142856,0.25159338551572336,0.5027738095238096,0.3431653795993024,0.5593631014191761,0.3201729299138918
