Pipeline,Best_Threshold,Accuracy_Mean,Accuracy_STD,Sensitivity_Mean,Sensitivity_STD,Specificity_Mean,Specificity_STD,AUC_Mean,AUC_STD
global_supervised,0.0,0.6102857142857142,0.18745000627311423,0.998,0.04469897088298564,0.0,0.0,0.3914676358601592,0.23936046394827068
personal_ssl,0.17,0.5087142857142857,0.19038387939039328,0.5036690476190476,0.26872801286423265,0.5027738095238096,0.3431653795993024,0.34465212876427825,0.2713614848490577
global_ssl,0.34,0.40085714285714286,0.1852767398446722,0.3257166666666667,0.24416442859261597,0.5027738095238096,0.3431653795993024,0.5159051574939425,0.2796321739280198
