Pipeline,Best_Threshold,Accuracy_Mean,Accuracy_STD,Sensitivity_Mean,Sensitivity_STD,Specificity_Mean,Specificity_STD,AUC_Mean,AUC_STD
global_supervised,0.0,0.6102857142857142,0.18745000627311423,0.998,0.04469897088298564,0.0,0.0,0.3914676358601592,0.23936046394827068
personal_ssl,0.4,0.31,0.17697195872854274,0.17795238095238095,0.20101090760656135,0.5027738095238096,0.3431653795993024,0.3897715472481828,0.2838141018441201
global_ssl,0.45,0.49999999999999994,0.18624647372088218,0.48566190476190474,0.2561404929860925,0.5027738095238096,0.3431653795993024,0.47298373139494637,0.2692703882867547
