Threshold,Sensitivity_Mean,Sensitivity_STD,Specificity_Mean,Specificity_STD,Accuracy_Mean,Accuracy_STD
0.38,0.813452422740658,0.11702830252795131,0.4172504564879565,0.1810650050813616,0.64615,0.10857931187370348
