Threshold,Sensitivity_Mean,Sensitivity_STD,Specificity_Mean,Specificity_STD,Accuracy_Mean,Accuracy_STD
0.34,0.8766155435251023,0.09807016907757862,0.4172504564879565,0.1810650050813616,0.6828500000000001,0.10379861102949138
