Threshold,Sensitivity_Mean,Sensitivity_STD,Specificity_Mean,Specificity_STD,Accuracy_Mean,Accuracy_STD
0.64,0.813452422740658,0.11702830252795131,0.49678755133755137,0.1806955402019316,0.6796,0.1051660586876769
