Pipeline,Best_Threshold,Accuracy_Mean,Accuracy_STD,Sensitivity_Mean,Sensitivity_STD,Specificity_Mean,Specificity_STD,AUC_Mean,AUC_STD
global_supervised,0.53,0.4664,0.15644652605767734,0.37938333333333335,0.42104599842338347,0.4590861111111111,0.16849463781877572,0.3712379332685455,0.1817905600140267
personal_ssl,0.6,0.7317,0.14001683725436279,0.735,0.44155403969386353,0.6895956349206349,0.15957684427457752,0.745118237771299,0.15129067637917332
global_ssl,0.27,0.19660000000000002,0.1267458263790351,0.735,0.44155403969386353,0.07324007936507937,0.08803030743146921,0.08970953460749381,0.09341401069692533
