Pipeline,Best_Threshold,Accuracy_Mean,Accuracy_STD,Sensitivity_Mean,Sensitivity_STD,Specificity_Mean,Specificity_STD,AUC_Mean,AUC_STD
global_supervised,0.54,0.52725,0.14100172216082676,0.32622056277056277,0.19183274632650069,0.7575212842712842,0.19197182165474005,0.28816164772727276,0.16067344049992086
personal_ssl,0.59,0.5223333333333333,0.14402842994727647,0.32622056277056277,0.19183274632650069,0.7485173160173161,0.20218674886103513,0.3693700261544012,0.18732223838323317
global_ssl,0.46,0.82175,0.11209769079320973,0.8844335137085138,0.13451699869117925,0.7481773448773449,0.19579289288718904,0.8979008883477634,0.09705780621058364
