Threshold,Sensitivity_Mean,Sensitivity_STD,Specificity_Mean,Specificity_STD,Accuracy_Mean,Accuracy_STD
0.39,0.10236111111111111,0.12317502142218145,0.949,0.22010780869257554,0.37466666666666665,0.16169372563675133
