Threshold,Sensitivity_Mean,Sensitivity_STD,Specificity_Mean,Specificity_STD,Accuracy_Mean,Accuracy_STD
0.37,0.7724040043290044,0.17790264157113617,0.28755238095238095,0.2175883074634587,0.5659090909090909,0.14968523685702229
