Threshold,Sensitivity_Mean,Sensitivity_STD,Specificity_Mean,Specificity_STD,Accuracy_Mean,Accuracy_STD
0.35000000000000003,0.8397702380952381,0.1900282272566592,0.5931345238095238,0.2883687947133476,0.733625,0.1570936433716775
