Threshold,Sensitivity_Mean,Sensitivity_STD,Specificity_Mean,Specificity_STD,Accuracy_Mean,Accuracy_STD
0.42,0.6005192848994132,0.09169787787774573,0.74935571861282,0.0809752546135959,0.6733220338983051,0.062109688702525354
