Threshold,Sensitivity_Mean,Sensitivity_STD,Specificity_Mean,Specificity_STD,Accuracy_Mean,Accuracy_STD
0.19,0.8868721230605179,0.0571681417772448,0.5075673875931515,0.09404965364117511,0.7024915254237288,0.05902910806591807
