Pipeline,Best_Threshold,Accuracy_Mean,Accuracy_STD,Sensitivity_Mean,Sensitivity_STD,Specificity_Mean,Specificity_STD,AUC_Mean,AUC_STD
global_supervised,0.17,0.26720000000000005,0.15148302580522713,0.735,0.44155403969386353,0.15645436507936508,0.12852273921448437,0.4781432890616564,0.1750890529614315
personal_ssl,0.12,0.2606,0.13995437552012166,0.735,0.44155403969386353,0.14736944444444444,0.11969485078993097,0.8942358816542489,0.12257941066669938
global_ssl,0.46,0.0697,0.07961311605664137,0.0,0.0,0.0800626984126984,0.09184810419621323,0.059818054205809316,0.07561390328797911
