Threshold,Sensitivity_Mean,Sensitivity_STD,Specificity_Mean,Specificity_STD,Accuracy_Mean,Accuracy_STD
0.4,0.4399656204906205,0.21023867479038555,0.28522103174603175,0.222780737438454,0.37899999999999995,0.1441691486452877
