Threshold,Sensitivity_Mean,Sensitivity_STD,Specificity_Mean,Specificity_STD,Accuracy_Mean,Accuracy_STD
0.09,0.8902463203463205,0.13174935851572867,0.0,0.0,0.5101818181818182,0.15201816584173874
