Threshold,Sensitivity_Mean,Sensitivity_STD,Specificity_Mean,Specificity_STD,Accuracy_Mean,Accuracy_STD
0.48,0.4090666666666667,0.2797766241197579,0.39321666666666666,0.42027875479463833,0.43160000000000004,0.22859066843091758
