Threshold,Sensitivity_Mean,Sensitivity_STD,Specificity_Mean,Specificity_STD,Accuracy_Mean,Accuracy_STD
0.4,0.7972992063492064,0.2552051526001735,0.5465621572871573,0.18369394818784376,0.63,0.1475343841064422
