Threshold,Sensitivity_Mean,Sensitivity_STD,Specificity_Mean,Specificity_STD,Accuracy_Mean,Accuracy_STD
0.54,0.983,0.1293357171384909,0.267566341991342,0.17033471873389452,0.49936363636363634,0.15435372689666804
