Pipeline,Best_Threshold,Accuracy_Mean,Accuracy_STD,Sensitivity_Mean,Sensitivity_STD,Specificity_Mean,Specificity_STD,AUC_Mean,AUC_STD
global_supervised,0.0,0.57775,0.11222759256320405,1.0,0.0,0.0,0.0,0.6939939929351694,0.13620857376818532
personal_ssl,0.25,0.68235,0.10259875244857514,0.9375048489908785,0.07186780074414867,0.33170637418137416,0.1714575444359674,0.6617688762871117,0.1311200546780069
global_ssl,0.64,0.6796,0.1051660586876769,0.813452422740658,0.11702830252795131,0.49678755133755137,0.1806955402019316,0.640592064981587,0.1382605269239239
