Pipeline,Best_Threshold,Accuracy_Mean,Accuracy_STD,Sensitivity_Mean,Sensitivity_STD,Specificity_Mean,Specificity_STD,AUC_Mean,AUC_STD
global_supervised,0.0,0.57775,0.11222759256320405,1.0,0.0,0.0,0.0,0.7614746220242176,0.11771132977427677
personal_ssl,0.29,0.7165499999999999,0.09865764456356553,0.8739698256808552,0.09895738261296484,0.5021347666222666,0.18489181037774902,0.6673477332716303,0.13922856869686628
global_ssl,0.39,0.6115499999999999,0.11198945994663577,0.7529127147362442,0.1299907138676297,0.4172504564879565,0.1810650050813616,0.5645071333201113,0.14045221917696182
