Pipeline,Best_Threshold,Accuracy_Mean,Accuracy_STD,Sensitivity_Mean,Sensitivity_STD,Specificity_Mean,Specificity_STD,AUC_Mean,AUC_STD
global_supervised,0.0,0.57775,0.11222759256320405,1.0,0.0,0.0,0.0,0.7614746220242176,0.11771132977427677
personal_ssl,0.2,0.75295,0.09663402938735213,0.9364649766899767,0.07524361404369838,0.5021347666222666,0.18489181037774902,0.6517208622953843,0.14339708795683148
global_ssl,0.34,0.6828500000000001,0.10379861102949138,0.8766155435251023,0.09807016907757862,0.4172504564879565,0.1810650050813616,0.6283488685701555,0.14611535825387809
