Threshold,Sensitivity_Mean,Sensitivity_STD,Specificity_Mean,Specificity_STD,Accuracy_Mean,Accuracy_STD
0.23,0.87125670995671,0.16505663883282534,0.08661499056499056,0.10998970976468365,0.42,0.1425431281944748
