Pipeline,Best_Threshold,Accuracy_Mean,Accuracy_STD,Sensitivity_Mean,Sensitivity_STD,Specificity_Mean,Specificity_STD,AUC_Mean,AUC_STD
global_supervised,0.22,0.16795238095238094,0.08446735092820545,0.942,0.2338604085575211,0.03807434470414347,0.045532516508660206,0.43793490354133424,0.19071378857359159
personal_ssl,0.0,0.135,0.07764144335731031,0.942,0.2338604085575211,0.0,0.0,0.42599148583053587,0.17232907862071473
global_ssl,0.01,0.13604761904761903,0.07533830057150473,0.7186932539682539,0.32400926945124936,0.03838735077701796,0.04698860400186733,0.19064967923263965,0.0895023940751699
