Pipeline,Best_Threshold,Accuracy_Mean,Accuracy_STD,Sensitivity_Mean,Sensitivity_STD,Specificity_Mean,Specificity_STD,AUC_Mean,AUC_STD
global_supervised,0.12,0.16795238095238094,0.08446735092820545,0.942,0.2338604085575211,0.03807434470414347,0.045532516508660206,0.44000885383254584,0.19281316219011368
personal_ssl,0.03,0.135,0.07764144335731031,0.942,0.2338604085575211,0.0,0.0,0.3974676844990479,0.15980510259040934
global_ssl,0.26,0.1688095238095238,0.0801190413331322,0.7186932539682539,0.32400926945124936,0.07604463605280168,0.06191176409117234,0.21910819272132764,0.09994875903402367
