Threshold,Sensitivity_Mean,Sensitivity_STD,Specificity_Mean,Specificity_STD,Accuracy_Mean,Accuracy_STD
0.44,0.583,0.4933095928059319,0.6513333333333332,0.3430975636176722,0.7496666666666666,0.2439340836588931
