Pipeline,Best_Threshold,Accuracy_Mean,Accuracy_STD,Sensitivity_Mean,Sensitivity_STD,Specificity_Mean,Specificity_STD,AUC_Mean,AUC_STD
global_supervised,0.0,0.46622222222222215,0.17040025270716552,0.997,0.054717401199198004,0.0,0.0,0.4757474341811691,0.23401430554219724
personal_ssl,0.22,0.4632222222222222,0.1723779169296649,0.8198309523809524,0.21596488520659995,0.14702976190476189,0.17793083136065546,0.442894594250016,0.23384124457006056
global_ssl,0.41000000000000003,0.619,0.1619740904476599,0.997,0.054717401199198004,0.28373055555555554,0.22250302979862063,0.3562862561356537,0.2236726405241272
