Pipeline,Best_Threshold,Accuracy_Mean,Accuracy_STD,Sensitivity_Mean,Sensitivity_STD,Specificity_Mean,Specificity_STD,AUC_Mean,AUC_STD
global_supervised,0.0,0.46622222222222215,0.17040025270716552,0.997,0.054717401199198004,0.0,0.0,0.4757474341811691,0.23401430554219724
personal_ssl,0.33,0.387,0.16592207530447825,0.49239960317460324,0.2717682953216534,0.29257698412698413,0.23246123870711818,0.3541802129151527,0.21817393800511337
global_ssl,0.47000000000000003,0.31,0.1557881541109817,0.5014972222222223,0.26847779839179703,0.1398595238095238,0.1725145117557956,0.185383996302671,0.17054793865644247
