Pipeline,Best_Threshold,Accuracy_Mean,Accuracy_STD,Sensitivity_Mean,Sensitivity_STD,Specificity_Mean,Specificity_STD,AUC_Mean,AUC_STD
global_supervised,0.24,0.46622222222222215,0.17040025270716552,0.997,0.054717401199198004,0.0,0.0,0.4757474341811691,0.23401430554219724
personal_ssl,0.36,0.3071111111111111,0.15332561205230014,0.33346944444444443,0.2509207604137903,0.2811384920634921,0.22340292851192786,0.35269610186778866,0.21795406923168006
global_ssl,0.37,0.6253333333333333,0.16092762400938226,0.6695686507936508,0.2578936205320713,0.5820678571428571,0.2382337825615633,0.6433703066233186,0.2137006533045209
