Threshold,Sensitivity_Mean,Sensitivity_STD,Specificity_Mean,Specificity_STD,Accuracy_Mean,Accuracy_STD
0.41000000000000003,0.902,0.29746341705239054,0.0,0.0,0.16915384615384615,0.10756460434829689
