Threshold,Sensitivity_Mean,Sensitivity_STD,Specificity_Mean,Specificity_STD,Accuracy_Mean,Accuracy_STD
0.14,0.5538439033189033,0.20594790736009502,0.42708968253968255,0.23870658429342775,0.5034545454545454,0.1483579326894736
