Threshold,Sensitivity_Mean,Sensitivity_STD,Specificity_Mean,Specificity_STD,Accuracy_Mean,Accuracy_STD
0.21,0.6775666666666667,0.2387149499332891,0.5854166666666667,0.2886779001350784,0.643375,0.17090111634090216
