Pipeline,Best_Threshold,Accuracy_Mean,Accuracy_STD,Sensitivity_Mean,Sensitivity_STD,Specificity_Mean,Specificity_STD,AUC_Mean,AUC_STD
global_supervised,0.25,0.4745384615384615,0.13964737363419127,0.997,0.054717401199198,0.09072074314574315,0.11315468577666954,0.44861601398712736,0.17893937355553843
personal_ssl,0.0,0.4229230769230769,0.13698285573130223,0.997,0.054717401199198,0.0,0.0,0.7122241544257593,0.16291640661952603
global_ssl,0.06,0.4755384615384615,0.13952934764075348,0.997,0.054717401199198,0.09123922188922189,0.10768631426445424,0.787011250200819,0.14419352266272809
