Pipeline,Best_Threshold,Accuracy_Mean,Accuracy_STD,Sensitivity_Mean,Sensitivity_STD,Specificity_Mean,Specificity_STD,AUC_Mean,AUC_STD
global_supervised,0.0,0.4229230769230769,0.13698285573130223,0.997,0.054717401199198,0.0,0.0,0.5626207265374766,0.16652052453612562
personal_ssl,0.13,0.6322307692307693,0.13381222083267275,0.997,0.054717401199198,0.36189783549783544,0.18322649505531502,0.8270777701068575,0.1306662855944539
global_ssl,0.15,0.47569230769230775,0.14099191095818947,0.87125670995671,0.16505663883282534,0.1819711344211344,0.1449684031242583,0.7496471014775931,0.15882746343301926
