Pipeline,Best_Threshold,Accuracy_Mean,Accuracy_STD,Sensitivity_Mean,Sensitivity_STD,Specificity_Mean,Specificity_STD,AUC_Mean,AUC_STD
global_supervised,0.0,0.4229230769230769,0.13698285573130223,0.997,0.054717401199198,0.0,0.0,0.5626207265374766,0.16652052453612562
personal_ssl,0.21,0.527,0.13708665628431116,0.997,0.054717401199198,0.17992670107670108,0.14750246969863826,0.9190226523727026,0.085371493739227
global_ssl,0.42,0.6317692307692307,0.13783709280491338,0.87125670995671,0.16505663883282534,0.4520559579309579,0.19393822967735524,0.7732645628081938,0.1553849993064956
