Pipeline,Best_Threshold,Accuracy_Mean,Accuracy_STD,Sensitivity_Mean,Sensitivity_STD,Specificity_Mean,Specificity_STD,AUC_Mean,AUC_STD
global_supervised,0.51,0.8390555555555557,0.0899762316696768,0.0,0.0,0.9115525892408246,0.07009518241002456,0.3821319549226729,0.2874341782061349
personal_ssl,0.65,0.9202222222222224,0.06604612392523329,0.0,0.0,1.0,0.0,0.6237653094804972,0.2713713493747902
global_ssl,0.6900000000000001,0.9202222222222224,0.06604612392523329,0.0,0.0,1.0,0.0,0.8576590608129576,0.09660301560298218
