Pipeline,Best_Threshold,Accuracy_Mean,Accuracy_STD,Sensitivity_Mean,Sensitivity_STD,Specificity_Mean,Specificity_STD,AUC_Mean,AUC_STD
global_supervised,0.5,0.5982777777777777,0.1183760900738418,0.3846,0.41841117086892876,0.60532994236156,0.1237970577259816,0.3821319549226729,0.2874341782061349
personal_ssl,0.48,0.8387777777777778,0.08568487295321481,0.3846,0.41841117086892876,0.8670075881634707,0.08206551975049269,0.6664064929057353,0.23761759067510183
global_ssl,0.26,0.8387777777777778,0.08568487295321481,0.3846,0.41841117086892876,0.8670075881634707,0.08206551975049269,0.7311927599343094,0.19197500050991267
