Threshold,Sensitivity_Mean,Sensitivity_STD,Specificity_Mean,Specificity_STD,Accuracy_Mean,Accuracy_STD
0.21,0.749,0.4338054715966445,0.6157982128982128,0.13377869053181302,0.6533571428571427,0.12629972283158136
