Threshold,Sensitivity_Mean,Sensitivity_STD,Specificity_Mean,Specificity_STD,Accuracy_Mean,Accuracy_STD
0.47000000000000003,0.902,0.29746341705239054,0.545224136974137,0.15367723434965352,0.6219230769230769,0.1363713585886028
