Pipeline,Best_Threshold,Accuracy_Mean,Accuracy_STD,Sensitivity_Mean,Sensitivity_STD,Specificity_Mean,Specificity_STD,AUC_Mean,AUC_STD
global_supervised,0.0,0.6015,0.2485146062297134,0.97,0.17067257872642908,0.0,0.0,1.0,0.0
personal_ssl,0.52,0.58825,0.2519184399769108,0.31,0.3260763257500598,0.866,0.3408227694273963,1.0,0.0
global_ssl,0.46,1.0,0.0,0.97,0.17067257872642908,0.866,0.3408227694273963,1.0,0.0
