Threshold,Sensitivity_Mean,Sensitivity_STD,Specificity_Mean,Specificity_STD,Accuracy_Mean,Accuracy_STD
0.17,0.735,0.44155403969386353,0.15645436507936508,0.12852273921448437,0.26720000000000005,0.15148302580522713
