Pipeline,Best_Threshold,Accuracy_Mean,Accuracy_STD,Sensitivity_Mean,Sensitivity_STD,Specificity_Mean,Specificity_STD,AUC_Mean,AUC_STD
global_supervised,0.38,0.5453050847457628,0.06288303674448709,0.6491691427052081,0.0873596275689817,0.4363850320874553,0.09365364070737543,0.5348575132803339,0.07904868689712227
personal_ssl,0.08,0.595406779661017,0.06428790489519158,1.0,0.0,0.16983236949956784,0.07014944770609663,0.7578894836026775,0.06839198436657448
global_ssl,0.3,0.737949152542373,0.05732703252498702,0.9089002571992412,0.05178080052715104,0.5576195791344573,0.09385969934675961,0.754523162249694,0.06673574262642999
