Pipeline,Best_Threshold,Accuracy_Mean,Accuracy_STD,Sensitivity_Mean,Sensitivity_STD,Specificity_Mean,Specificity_STD,AUC_Mean,AUC_STD
global_supervised,0.38,0.5453050847457628,0.06288303674448709,0.6491691427052081,0.0873596275689817,0.4363850320874553,0.09365364070737543,0.5350631101058759,0.07811281332218567
personal_ssl,0.4,0.7000169491525423,0.059791949556650806,0.6978866823129,0.08651389843052201,0.7015507718026385,0.08613371832281165,0.7546655342873749,0.07202135481522631
global_ssl,0.42,0.6733220338983051,0.062109688702525354,0.6005192848994132,0.09169787787774573,0.74935571861282,0.0809752546135959,0.6930681306978866,0.07364414961820216
