Pipeline,Best_Threshold,Accuracy_Mean,Accuracy_STD,Sensitivity_Mean,Sensitivity_STD,Specificity_Mean,Specificity_STD,AUC_Mean,AUC_STD
global_supervised,0.38,0.5453050847457628,0.06288303674448709,0.6491691427052081,0.0873596275689817,0.4363850320874553,0.09365364070737543,0.5348575132803339,0.07904868689712227
personal_ssl,0.04,0.5483389830508476,0.06603489731276141,1.0,0.0,0.07345374937066157,0.04964492275148127,0.7782929059903777,0.06891666646988781
global_ssl,0.19,0.7024915254237288,0.05902910806591807,0.8868721230605179,0.0571681417772448,0.5075673875931515,0.09404965364117511,0.7167653888684145,0.07370252447547028
