Threshold,Sensitivity_Mean,Sensitivity_STD,Specificity_Mean,Specificity_STD,Accuracy_Mean,Accuracy_STD
0.5,0.522,0.4997657108743713,0.0989047619047619,0.10840664586214367,0.17925,0.1364067237869684
