Threshold,Sensitivity_Mean,Sensitivity_STD,Specificity_Mean,Specificity_STD,Accuracy_Mean,Accuracy_STD
0.23,0.75,0.4332293707583636,0.12285990631745275,0.07823675275810536,0.1887894736842105,0.0912735142311639
