Pipeline,Best_Threshold,Accuracy_Mean,Accuracy_STD,Sensitivity_Mean,Sensitivity_STD,Specificity_Mean,Specificity_STD,AUC_Mean,AUC_STD
global_supervised,0.32,0.37811111111111106,0.16415792508306584,0.21882857142857143,0.16777033632905763,0.7066309523809523,0.3280886104784317,0.1633231304464181,0.14878552594470043
personal_ssl,0.37,0.5331111111111111,0.16856319097543496,0.32967341269841266,0.19846361711818572,0.949,0.22010780869257554,0.44482538009935274,0.22102521397257824
global_ssl,0.41000000000000003,0.7681111111111111,0.14440683784467334,0.6692337301587302,0.19206800633020088,0.949,0.22010780869257554,0.6713620854031813,0.19349445084371447
