Pipeline,Best_Threshold,Accuracy_Mean,Accuracy_STD,Sensitivity_Mean,Sensitivity_STD,Specificity_Mean,Specificity_STD,AUC_Mean,AUC_STD
global_supervised,0.0,0.4229230769230769,0.13698285573130223,0.997,0.054717401199198,0.0,0.0,0.603635147867846,0.1896132714580174
personal_ssl,0.41000000000000003,0.6816923076923076,0.13394311227298217,0.7475482683982684,0.20239704702822198,0.6318362248862248,0.18997401740847605,0.7551263096649254,0.16315970401007795
global_ssl,0.28,0.47569230769230775,0.14099191095818947,0.87125670995671,0.16505663883282534,0.1819711344211344,0.1449684031242583,0.6277258543306687,0.18512952778627123
