Threshold,Sensitivity_Mean,Sensitivity_STD,Specificity_Mean,Specificity_STD,Accuracy_Mean,Accuracy_STD
0.53,0.583,0.4933095928059319,0.671,0.33810909808322387,0.7566666666666666,0.24802635470486548
