Threshold,Sensitivity_Mean,Sensitivity_STD,Specificity_Mean,Specificity_STD,Accuracy_Mean,Accuracy_STD
0.27,0.5882000000000001,0.39119747203783856,0.2683857142857142,0.15601629885135712,0.3513,0.15634178185230188
