Threshold,Sensitivity_Mean,Sensitivity_STD,Specificity_Mean,Specificity_STD,Accuracy_Mean,Accuracy_STD
0.33,0.7186932539682539,0.32400926945124936,0.23019394739677249,0.0977694002966466,0.30195238095238097,0.09792574293378463
