Threshold,Sensitivity_Mean,Sensitivity_STD,Specificity_Mean,Specificity_STD,Accuracy_Mean,Accuracy_STD
0.14,0.7186932539682539,0.32400926945124936,0.1167626128859101,0.0738981347306449,0.2039047619047619,0.08563104039252836
