Pipeline,Best_Threshold,Accuracy_Mean,Accuracy_STD,Sensitivity_Mean,Sensitivity_STD,Specificity_Mean,Specificity_STD,AUC_Mean,AUC_STD
global_supervised,0.51,0.519157894736842,0.11512113682918051,0.6304286759379252,0.13858483642683397,0.25110829725829725,0.20332191376787342,0.3097329750308502,0.15782075720103517
personal_ssl,0.56,0.5923157894736841,0.11608035649669524,0.5743074679792172,0.1363518768828229,0.6324143217893218,0.22802859661475058,0.6761837538092254,0.1472844394770977
global_ssl,0.55,0.3679473684210526,0.11076851093526252,0.36386677085814084,0.13295741452158194,0.37767521645021646,0.23295834852314842,0.269971630814272,0.12311611829845091
