Pipeline,Best_Threshold,Accuracy_Mean,Accuracy_STD,Sensitivity_Mean,Sensitivity_STD,Specificity_Mean,Specificity_STD,AUC_Mean,AUC_STD
global_supervised,0.51,0.44768421052631574,0.11510258879220263,0.44258568286288874,0.148526158579462,0.45642087912087914,0.2152443407824654,0.49597524975024976,0.1341385773364494
personal_ssl,0.56,0.40778947368421053,0.11321446716969677,0.3309295815295815,0.1363601260219291,0.5640929320679321,0.2147650519647546,0.5186909846689259,0.1304194067851519
global_ssl,0.51,0.37410526315789466,0.10970472432526168,0.2806712052653229,0.1292339373435223,0.5640929320679321,0.2147650519647546,0.3916736399221693,0.14712514588099007
