Threshold,Sensitivity_Mean,Sensitivity_STD,Specificity_Mean,Specificity_STD,Accuracy_Mean,Accuracy_STD
0.28,0.5074187715579849,0.0900774761266902,0.60605782704549,0.09483139884323884,0.5554406779661017,0.0629092983175361
