Pipeline,Best_Threshold,Accuracy_Mean,Accuracy_STD,Sensitivity_Mean,Sensitivity_STD,Specificity_Mean,Specificity_STD,AUC_Mean,AUC_STD
global_supervised,0.38,0.5453050847457628,0.06288303674448709,0.6491691427052081,0.0873596275689817,0.4363850320874553,0.09365364070737543,0.5393930454218075,0.0788110060225151
personal_ssl,0.17,0.6676779661016949,0.06118992568267745,0.9310336970526091,0.045603668044481446,0.39064761316760827,0.09135265284380939,0.7471848324976988,0.07103703247786544
global_ssl,0.34,0.7239152542372881,0.05878573197127021,0.8114953350533565,0.07262905725406937,0.6315514389926952,0.09141175317149988,0.727061650709431,0.06951490061046131
