Threshold,Sensitivity_Mean,Sensitivity_STD,Specificity_Mean,Specificity_STD,Accuracy_Mean,Accuracy_STD
0.09,1.0,0.0,0.12696523386258377,0.08461287705608958,0.503551724137931,0.09713693538915595
