Threshold,Sensitivity_Mean,Sensitivity_STD,Specificity_Mean,Specificity_STD,Accuracy_Mean,Accuracy_STD
0.36,0.7721174227174615,0.1214022357827804,0.24913673304679498,0.1330998354454094,0.528875,0.10432504642958353
