Pipeline,Best_Threshold,Accuracy_Mean,Accuracy_STD,Sensitivity_Mean,Sensitivity_STD,Specificity_Mean,Specificity_STD,AUC_Mean,AUC_STD
global_supervised,0.53,0.6788,0.12479993554806705,0.28796984126984126,0.3494358784100383,0.7346698856698858,0.129539042209107,0.5646503266299646,0.33047800869873584
personal_ssl,0.49,0.6326666666666666,0.12428239126861904,0.884,0.3203851535989872,0.5737620185370186,0.13982272377026234,0.7424334683667263,0.15048207588723014
global_ssl,0.28,0.22620000000000004,0.11054009429061978,0.5985555555555555,0.392272897578105,0.15628215395715392,0.10242284511734503,0.14123045694878272,0.09712609894970754
