Pipeline,Best_Threshold,Accuracy_Mean,Accuracy_STD,Sensitivity_Mean,Sensitivity_STD,Specificity_Mean,Specificity_STD,AUC_Mean,AUC_STD
global_supervised,0.59,0.390375,0.12771519308815826,0.24659621212121213,0.20699445626715893,0.4686957972582972,0.1629667198836165,0.3109450496706014,0.15094812893918944
personal_ssl,0.25,0.5215,0.12738073186652232,0.48919852092352084,0.22935791263049377,0.5380805527805528,0.16349634819790945,0.62915548767793,0.15634376854178395
global_ssl,0.5700000000000001,0.3914375,0.12121765987188012,0.377499494949495,0.21901975118575823,0.3985091061716062,0.15212160984599685,0.31735061160838496,0.14800044397337925
