Threshold,Sensitivity_Mean,Sensitivity_STD,Specificity_Mean,Specificity_STD,Accuracy_Mean,Accuracy_STD
0.24,0.8800015873015873,0.14743214025954232,0.38036785714285715,0.30054671363782326,0.6976666666666668,0.15116869858612378
