Threshold,Sensitivity_Mean,Sensitivity_STD,Specificity_Mean,Specificity_STD,Accuracy_Mean,Accuracy_STD
0.37,0.63615,0.366349712479833,0.5917833333333333,0.2747573276349315,0.6248333333333332,0.19417606245910185
