Threshold,Sensitivity_Mean,Sensitivity_STD,Specificity_Mean,Specificity_STD,Accuracy_Mean,Accuracy_STD
0.44,0.997,0.054717401199198,0.39321666666666666,0.42027875479463833,0.8486,0.1662097038853799
0.45,0.997,0.054717401199198,0.807,0.394850486775573,1.0,0.0
0.46,0.8192,0.2217054150643295,0.807,0.394850486775573,0.8717999999999999,0.15293184151166214
