Threshold,Sensitivity_Mean,Sensitivity_STD,Specificity_Mean,Specificity_STD,Accuracy_Mean,Accuracy_STD
0.56,0.5017428571428572,0.23042821407241126,0.49400079365079363,0.2314159591019043,0.4957272727272726,0.1496690978638687
