Threshold,Sensitivity_Mean,Sensitivity_STD,Specificity_Mean,Specificity_STD,Accuracy_Mean,Accuracy_STD
0.5700000000000001,0.8785107142857144,0.14563811926524323,0.0,0.0,0.5487777777777778,0.1643342899253379
