Threshold,Sensitivity_Mean,Sensitivity_STD,Specificity_Mean,Specificity_STD,Accuracy_Mean,Accuracy_STD
0.48,1.0,0.0,0.18420714285714285,0.23208269836665707,0.6977777777777778,0.1528127835246022
