Threshold,Sensitivity_Mean,Sensitivity_STD,Specificity_Mean,Specificity_STD,Accuracy_Mean,Accuracy_STD
0.42,0.38848769841269837,0.2868098984372653,0.9076444444444445,0.1073175550503041,0.7458181818181817,0.12669760727277893
