Threshold,Sensitivity_Mean,Sensitivity_STD,Specificity_Mean,Specificity_STD,Accuracy_Mean,Accuracy_STD
0.58,0.735,0.44155403969386353,0.30546944444444446,0.15682374990633946,0.39820000000000005,0.15498638901781273
