Threshold,Sensitivity_Mean,Sensitivity_STD,Specificity_Mean,Specificity_STD,Accuracy_Mean,Accuracy_STD
0.37,0.7710132395382395,0.1775575942803355,0.4276694444444445,0.24354070786190588,0.6232727272727272,0.14982027745610618
