Pipeline,Best_Threshold,Accuracy_Mean,Accuracy_STD,Sensitivity_Mean,Sensitivity_STD,Specificity_Mean,Specificity_STD,AUC_Mean,AUC_STD
global_supervised,0.0,0.6102857142857142,0.18745000627311423,0.998,0.04469897088298564,0.0,0.0,0.3914676358601592,0.23936046394827068
personal_ssl,0.13,0.40871428571428564,0.19259222527044642,0.5032166666666666,0.25715863300626296,0.2515928571428571,0.3000594019679023,0.381239183108342,0.2507782967489087
global_ssl,0.44,0.5104285714285715,0.18385483000694933,0.6695071428571429,0.24840459742530244,0.25118095238095234,0.2897425052285498,0.5144513672551055,0.2742295253138463
