Pipeline,Best_Threshold,Accuracy_Mean,Accuracy_STD,Sensitivity_Mean,Sensitivity_STD,Specificity_Mean,Specificity_STD,AUC_Mean,AUC_STD
global_supervised,0.16,0.5025454545454545,0.15179379237963508,0.6669086940836941,0.19761479558235398,0.28756984126984125,0.23169339343895226,0.616581888522711,0.1966916759763018
personal_ssl,0.36,0.7524545454545454,0.13331195693930442,0.8861217171717173,0.1361094305329468,0.5741646825396827,0.24510962691003635,0.7011387336613014,0.19524807855873252
global_ssl,0.4,0.37899999999999995,0.1441691486452877,0.4399656204906205,0.21023867479038555,0.28522103174603175,0.222780737438454,0.31316767763608283,0.17876848362243378
