Threshold,Sensitivity_Mean,Sensitivity_STD,Specificity_Mean,Specificity_STD,Accuracy_Mean,Accuracy_STD
0.15,0.7186932539682539,0.32400926945124936,0.07604463605280168,0.06191176409117234,0.1688095238095238,0.0801190413331322
