Threshold,Sensitivity_Mean,Sensitivity_STD,Specificity_Mean,Specificity_STD,Accuracy_Mean,Accuracy_STD
0.42,0.7720345238095238,0.27826302704564315,0.30469962624291097,0.10105712177800981,0.3759583333333334,0.09789442115203854
0.43,0.7720345238095238,0.27826302704564315,0.30469962624291097,0.10105712177800981,0.3759583333333334,0.09789442115203854
0.44,0.7720345238095238,0.27826302704564315,0.30469962624291097,0.10105712177800981,0.3759583333333334,0.09789442115203854
0.45,0.7720345238095238,0.27826302704564315,0.30469962624291097,0.10105712177800981,0.3759583333333334,0.09789442115203854
0.46,0.7720345238095238,0.27826302704564315,0.30469962624291097,0.10105712177800981,0.3759583333333334,0.09789442115203854
0.47000000000000003,0.7720345238095238,0.27826302704564315,0.30469962624291097,0.10105712177800981,0.3759583333333334,0.09789442115203854
0.48,0.7720345238095238,0.27826302704564315,0.30469962624291097,0.10105712177800981,0.3759583333333334,0.09789442115203854
