Threshold,Sensitivity_Mean,Sensitivity_STD,Specificity_Mean,Specificity_STD,Accuracy_Mean,Accuracy_STD
0.51,1.0,0.0,0.38811216422466416,0.16856302374319704,0.7205,0.10034849186619509
0.52,0.730909065036271,0.1398866489584354,0.6127208305583305,0.17976025411424618,0.6777000000000001,0.1067197221655824
