Threshold,Sensitivity_Mean,Sensitivity_STD,Specificity_Mean,Specificity_STD,Accuracy_Mean,Accuracy_STD
0.53,1.0,0.0,0.41217491813741813,0.17193589149551394,0.7524,0.09456840478290401
0.54,0.8187090648730354,0.11829607352579051,0.5840421425796426,0.17401510659234135,0.7203499999999999,0.10172868929769138
