Threshold,Sensitivity_Mean,Sensitivity_STD,Specificity_Mean,Specificity_STD,Accuracy_Mean,Accuracy_STD
0.15,0.0,0.0,0.7926470588235294,0.09937920157998618,0.7926470588235294,0.09937920157998618
