Pipeline,Best_Threshold,Accuracy_Mean,Accuracy_STD,Sensitivity_Mean,Sensitivity_STD,Specificity_Mean,Specificity_STD,AUC_Mean,AUC_STD
global_supervised,0.0,0.31344444444444447,0.1554331230852946,0.958,0.20068950215762724,0.0,0.0,0.7538394306922491,0.17866999082241286
personal_ssl,0.28,0.6227777777777779,0.16044152275194754,0.958,0.20068950215762724,0.4490746031746032,0.20781604248727684,0.9449203863869835,0.08876299704752377
global_ssl,0.0,0.31344444444444447,0.1554331230852946,0.958,0.20068950215762724,0.0,0.0,1.0,1.5643396797436812e-17
