Threshold,Sensitivity_Mean,Sensitivity_STD,Specificity_Mean,Specificity_STD,Accuracy_Mean,Accuracy_STD
0.51,0.6893776914262207,0.13808104920717884,0.5816718614718616,0.1827839396856555,0.6436000000000001,0.10784558716364184
