Threshold,Sensitivity_Mean,Sensitivity_STD,Specificity_Mean,Specificity_STD,Accuracy_Mean,Accuracy_STD
0.24,0.404,0.4352855079984555,0.7451666666666668,0.29062670308699073,0.669,0.23663261608450134
