Pipeline,Best_Threshold,Accuracy_Mean,Accuracy_STD,Sensitivity_Mean,Sensitivity_STD,Specificity_Mean,Specificity_STD,AUC_Mean,AUC_STD
global_supervised,0.24,0.569,0.15230259478386626,0.8861217171717173,0.1361094305329468,0.14532896825396824,0.1837866644212554,0.5847176449984876,0.19907407504723004
personal_ssl,0.42,0.757,0.13149374378365314,1.0,0.0,0.43288134920634924,0.2498987475253661,0.6693103118880451,0.2102428235910747
global_ssl,0.47000000000000003,0.6288181818181817,0.14828974797161712,0.775114393939394,0.17545558052752527,0.43288134920634924,0.2498987475253661,0.5919807040168124,0.22192330669905788
