Threshold,Sensitivity_Mean,Sensitivity_STD,Specificity_Mean,Specificity_STD,Accuracy_Mean,Accuracy_STD
0.33,0.6003452380952381,0.3944393442768446,0.7608847567637042,0.10438754147053991,0.7517,0.09940820887628944
