Threshold,Sensitivity_Mean,Sensitivity_STD,Specificity_Mean,Specificity_STD,Accuracy_Mean,Accuracy_STD
0.16,0.89,0.31304631925323445,0.23632842797037842,0.10050667148809975,0.31839999999999996,0.10673721390795636
