Threshold,Sensitivity_Mean,Sensitivity_STD,Specificity_Mean,Specificity_STD,Accuracy_Mean,Accuracy_STD
0.1,0.6003452380952381,0.3944393442768446,0.5970681882874608,0.12087856011662193,0.6053,0.1125147526752362
