Threshold,Sensitivity_Mean,Sensitivity_STD,Specificity_Mean,Specificity_STD,Accuracy_Mean,Accuracy_STD
0.06,0.89,0.31304631925323445,0.3523969272256811,0.1163064983302682,0.42205000000000004,0.11438698300891532
