Pipeline,Best_Threshold,Accuracy_Mean,Accuracy_STD,Sensitivity_Mean,Sensitivity_STD,Specificity_Mean,Specificity_STD,AUC_Mean,AUC_STD
global_supervised,0.0,0.31690909090909086,0.14224447155525988,0.983,0.1293357171384909,0.0,0.0,0.276776025771448,0.20957017435943032
personal_ssl,0.15,0.444090909090909,0.14994476932214143,0.7972992063492064,0.2552051526001735,0.27495577200577204,0.16358786600518033,0.5969628526215505,0.19603502105021056
global_ssl,0.0,0.31690909090909086,0.14224447155525988,0.983,0.1293357171384909,0.0,0.0,0.8993991102714399,0.10382135290788
