Pipeline,Best_Threshold,Accuracy_Mean,Accuracy_STD,Sensitivity_Mean,Sensitivity_STD,Specificity_Mean,Specificity_STD,AUC_Mean,AUC_STD
global_supervised,0.0,0.31690909090909086,0.14224447155525988,0.983,0.1293357171384909,0.0,0.0,0.276776025771448,0.20957017435943032
personal_ssl,0.0,0.31690909090909086,0.14224447155525988,0.983,0.1293357171384909,0.0,0.0,0.5595151302297792,0.17791951263632624
global_ssl,0.0,0.31690909090909086,0.14224447155525988,0.983,0.1293357171384909,0.0,0.0,0.8309033328489077,0.13904945853578338
