Pipeline,Best_Threshold,Accuracy_Mean,Accuracy_STD,Sensitivity_Mean,Sensitivity_STD,Specificity_Mean,Specificity_STD,AUC_Mean,AUC_STD
global_supervised,0.32,0.3833636363636363,0.1447267429594417,0.983,0.1293357171384909,0.0966107142857143,0.11281663579538245,0.7199399715803582,0.1951470907017687
personal_ssl,0.13,0.5027272727272727,0.1529308688936865,0.593972619047619,0.2986276371019511,0.4555173881673882,0.18765611356700268,0.6880461899917647,0.18786668227176007
global_ssl,0.33,0.4391818181818181,0.15458102078263383,0.7796734126984127,0.26830429718294757,0.2737377705627706,0.16748733815295236,0.5193392836958453,0.23177322699964126
