Threshold,Sensitivity_Mean,Sensitivity_STD,Specificity_Mean,Specificity_STD,Accuracy_Mean,Accuracy_STD
0.39,0.8330658713190835,0.10670113021010204,0.12382851349716674,0.10190507964967176,0.5024583333333333,0.10487968350400752
