Threshold,Sensitivity_Mean,Sensitivity_STD,Specificity_Mean,Specificity_STD,Accuracy_Mean,Accuracy_STD
0.03,0.9441011132129639,0.06506901602674903,0.08233940563967823,0.07013501115158612,0.4539310344827586,0.09446393349213714
