Pipeline,Best_Threshold,Accuracy_Mean,Accuracy_STD,Sensitivity_Mean,Sensitivity_STD,Specificity_Mean,Specificity_STD,AUC_Mean,AUC_STD
global_supervised,0.52,0.5959,0.16099412756094275,0.4990805555555555,0.2817003593347171,0.6567595238095237,0.2081171516784978,0.6275330222541278,0.2093673932547019
personal_ssl,0.52,0.547,0.15606202406529063,0.5236988095238095,0.2769428893493809,0.5683892857142857,0.2080497328287747,0.5331541836164951,0.20369704458582036
global_ssl,0.5700000000000001,0.5375,0.15187763764562845,0.5054773809523809,0.2717553302479855,0.553634126984127,0.21232650247704682,0.6233858578607323,0.20672253532047624
