Pipeline,Best_Threshold,Accuracy_Mean,Accuracy_STD,Sensitivity_Mean,Sensitivity_STD,Specificity_Mean,Specificity_STD,AUC_Mean,AUC_STD
global_supervised,0.5,0.6050999999999999,0.15358247809427214,0.5909615079365078,0.17223477329993694,0.5988880952380953,0.4012983211516245,0.7831990843850533,0.19075417925834576
personal_ssl,0.1,0.8700000000000001,0.1015396981988341,1.0,0.0,0.2853523809523809,0.34742660443931117,0.3976294322480291,0.32426773831919037
global_ssl,0.51,0.4627,0.15704576840326953,0.49260198412698414,0.1798680364603813,0.31353571428571425,0.36970491719987375,0.1971531975819281,0.19369283266231252
