Threshold,Sensitivity_Mean,Sensitivity_STD,Specificity_Mean,Specificity_STD,Accuracy_Mean,Accuracy_STD
0.27,1.0,0.0,0.07368561438561438,0.08514658077027121,0.5568000000000001,0.11305547992707625
