Pipeline,Best_Threshold,Accuracy_Mean,Accuracy_STD,Sensitivity_Mean,Sensitivity_STD,Specificity_Mean,Specificity_STD,AUC_Mean,AUC_STD
global_supervised,0.07,0.21485,0.09667638710576551,0.89,0.31304631925323445,0.12012269762830909,0.08022109541893466,0.5982676966095694,0.18121260469215633
personal_ssl,0.16,0.31839999999999996,0.10673721390795636,0.89,0.31304631925323445,0.23632842797037842,0.10050667148809975,0.647266090002469,0.15112990845471497
global_ssl,0.28,0.325,0.10283761751215154,0.2948166666666666,0.3458777543281436,0.32271344896933135,0.10863504222756556,0.21174079591009404,0.14810751370767672
