Pipeline,Best_Threshold,Accuracy_Mean,Accuracy_STD,Sensitivity_Mean,Sensitivity_STD,Specificity_Mean,Specificity_STD,AUC_Mean,AUC_STD
global_supervised,0.43,0.5702,0.10965392826517427,0.0,0.0,0.6393903549408967,0.11346983684425488,0.26231386176284344,0.13580583699829568
personal_ssl,0.06,0.42205000000000004,0.11438698300891532,0.89,0.31304631925323445,0.3523969272256811,0.1163064983302682,0.7636066940552018,0.1890238602942575
global_ssl,0.1,0.32235,0.10357946807261662,0.5844714285714285,0.3945587166272985,0.2817488810638965,0.10533806674896616,0.5536748015124411,0.19562788859760985
