Pipeline,Best_Threshold,Accuracy_Mean,Accuracy_STD,Sensitivity_Mean,Sensitivity_STD,Specificity_Mean,Specificity_STD,AUC_Mean,AUC_STD
global_supervised,0.43,0.5702,0.10965392826517427,0.0,0.0,0.6393903549408967,0.11346983684425488,0.26231386176284344,0.13580583699829568
personal_ssl,0.1,0.6053,0.1125147526752362,0.6003452380952381,0.3944393442768446,0.5970681882874608,0.12087856011662193,0.6481263140114042,0.2090184564782107
global_ssl,0.19,0.28420000000000006,0.09876798628662586,0.5844714285714285,0.3945587166272985,0.23850064301024054,0.10163124948028238,0.4624412563456747,0.2050987267713638
