Threshold,Sensitivity_Mean,Sensitivity_STD,Specificity_Mean,Specificity_STD,Accuracy_Mean,Accuracy_STD
0.32,0.21882857142857143,0.16777033632905763,0.7066309523809523,0.3280886104784317,0.37811111111111106,0.16415792508306584
