Threshold,Sensitivity_Mean,Sensitivity_STD,Specificity_Mean,Specificity_STD,Accuracy_Mean,Accuracy_STD
0.48,0.34354801587301587,0.2635543129833234,0.493511075036075,0.1927916443275864,0.43427272727272714,0.1472585541691581
