Threshold,Sensitivity_Mean,Sensitivity_STD,Specificity_Mean,Specificity_STD,Accuracy_Mean,Accuracy_STD
0.32,0.5787202380952381,0.3064956802004176,0.3628407647907648,0.1775692144330003,0.43481818181818177,0.15616429846338387
