Threshold,Sensitivity_Mean,Sensitivity_STD,Specificity_Mean,Specificity_STD,Accuracy_Mean,Accuracy_STD
0.28,0.5985043650793651,0.30653246402305423,0.4546358225108225,0.183074708770777,0.5029090909090909,0.154702376799359
