Pipeline,Best_Threshold,Accuracy_Mean,Accuracy_STD,Sensitivity_Mean,Sensitivity_STD,Specificity_Mean,Specificity_STD,AUC_Mean,AUC_STD
global_supervised,0.0,0.8997142857142858,0.1163965652642004,1.0,0.0,0.0,0.0,0.0,0.0
personal_ssl,0.0,0.8997142857142858,0.1163965652642004,1.0,0.0,0.0,0.0,0.7645631067961165,0.1777550050685069
global_ssl,0.0,0.8997142857142858,0.1163965652642004,1.0,0.0,0.0,0.0,0.6666990291262136,0.2025093845512056
