Pipeline,Best_Threshold,Accuracy_Mean,Accuracy_STD,Sensitivity_Mean,Sensitivity_STD,Specificity_Mean,Specificity_STD,AUC_Mean,AUC_STD
global_supervised,0.54,0.7203499999999999,0.10172868929769138,0.8187090648730354,0.11829607352579051,0.5840421425796426,0.17401510659234135,0.7909548157765437,0.11260995345556399
personal_ssl,0.49,0.5702,0.10951691172578759,0.5667701431738197,0.1509386748833975,0.575571114996115,0.1711902566637971,0.6131835389814435,0.13808773847216887
global_ssl,0.54,0.5330499999999999,0.1104191554481825,0.5008847411575352,0.14946429462707425,0.5770601426351425,0.17742711512043627,0.43602545580236757,0.13650997367864487
