Pipeline,Best_Threshold,Accuracy_Mean,Accuracy_STD,Sensitivity_Mean,Sensitivity_STD,Specificity_Mean,Specificity_STD,AUC_Mean,AUC_STD
global_supervised,0.52,0.6777000000000001,0.1067197221655824,0.730909065036271,0.1398866489584354,0.6127208305583305,0.17976025411424618,0.6987612640913009,0.13453252690730907
personal_ssl,0.53,0.5376000000000001,0.11414582458096867,0.5313073153154035,0.155814638783803,0.5412823121323121,0.17409356038283802,0.5515599829867844,0.1479122641774834
global_ssl,0.48,0.7505,0.09828229448588087,0.7323383908575085,0.13958032125114012,0.7724389180264181,0.1428181740940701,0.807402152806344,0.10306817093984257
