Threshold,Sensitivity_Mean,Sensitivity_STD,Specificity_Mean,Specificity_STD,Accuracy_Mean,Accuracy_STD
0.05,0.7186932539682539,0.32400926945124936,0.0,0.0,0.10285714285714286,0.06738393737965669
