Threshold,Sensitivity_Mean,Sensitivity_STD,Specificity_Mean,Specificity_STD,Accuracy_Mean,Accuracy_STD
0.22,0.7186932539682539,0.32400926945124936,0.07418211734086347,0.061582729627514994,0.16709523809523807,0.0812156479318939
