Pipeline,Best_Threshold,Accuracy_Mean,Accuracy_STD,Sensitivity_Mean,Sensitivity_STD,Specificity_Mean,Specificity_STD,AUC_Mean,AUC_STD
global_supervised,0.53,0.5651875,0.12306356379726895,0.654456746031746,0.2683444021400994,0.5300410686535686,0.1467287508382221,0.5195666070602811,0.18071874215681663
personal_ssl,0.13,0.785875,0.10546347433789302,0.8222301587301587,0.22345277359294544,0.7696032717282717,0.13111862773407293,0.8166665736282387,0.13772800739242877
global_ssl,0.52,0.3886875,0.12003788021469071,0.33094444444444443,0.25215254082426247,0.4087369991119991,0.14556693201635318,0.35494058383418203,0.19248120695143434
