Pipeline,Best_Threshold,Accuracy_Mean,Accuracy_STD,Sensitivity_Mean,Sensitivity_STD,Specificity_Mean,Specificity_STD,AUC_Mean,AUC_STD
global_supervised,0.12,0.31690909090909086,0.14224447155525988,0.983,0.1293357171384909,0.0,0.0,0.7622145925172374,0.15555230134101383
personal_ssl,0.16,0.44499999999999995,0.15077556320751445,0.7972992063492064,0.2552051526001735,0.2757060606060606,0.16784883143691334,0.6419583313148929,0.2183943166314348
global_ssl,0.1,0.31690909090909086,0.14224447155525988,0.983,0.1293357171384909,0.0,0.0,0.7117317815562983,0.18554531047799594
