Pipeline,Best_Threshold,Accuracy_Mean,Accuracy_STD,Sensitivity_Mean,Sensitivity_STD,Specificity_Mean,Specificity_STD,AUC_Mean,AUC_STD
global_supervised,0.56,0.7701111111111112,0.13616170219612933,0.8785107142857144,0.14563811926524323,0.5779511904761905,0.308217721162187,0.748598584036466,0.19175173478287347
personal_ssl,0.49,0.843,0.12311084329386526,0.7497646825396825,0.1938389252888055,0.982,0.13301764429463367,0.8751737626483044,0.12965120502055133
global_ssl,0.06,0.7024444444444444,0.15235582928943533,1.0,0.0,0.200475,0.23943554124915795,0.44785342514466747,0.2503703276946827
