Pipeline,Best_Threshold,Accuracy_Mean,Accuracy_STD,Sensitivity_Mean,Sensitivity_STD,Specificity_Mean,Specificity_STD,AUC_Mean,AUC_STD
global_supervised,0.23,0.1887894736842105,0.0912735142311639,0.75,0.4332293707583636,0.12285990631745275,0.07823675275810536,0.523809941583471,0.27689332535004385
personal_ssl,0.45,0.5578421052631579,0.11954853160200213,0.0,0.0,0.6029376702502863,0.12152182026041299,0.31791853527735886,0.19109758412636935
global_ssl,0.21,0.1502105263157895,0.08189421433173025,0.75,0.4332293707583636,0.08090436706396459,0.06573273759488392,0.7398670461346932,0.1778402724622627
