Pipeline,Best_Threshold,Accuracy_Mean,Accuracy_STD,Sensitivity_Mean,Sensitivity_STD,Specificity_Mean,Specificity_STD,AUC_Mean,AUC_STD
global_supervised,0.31,0.725625,0.15824119138090958,0.8818380952380953,0.12991766538433963,0.0,0.0,0.6703693869121378,0.1940659911199292
personal_ssl,0.63,0.735125,0.15724291624651876,0.8927428571428572,0.12686121464571756,0.0,0.0,0.2611597922936213,0.2596871819148372
global_ssl,0.41000000000000003,0.822625,0.13113325400258055,1.0,0.0,0.0,0.0,0.5934228772054051,0.28374230084239577
