Pipeline,Best_Threshold,Accuracy_Mean,Accuracy_STD,Sensitivity_Mean,Sensitivity_STD,Specificity_Mean,Specificity_STD,AUC_Mean,AUC_STD
global_supervised,0.44,0.822625,0.13113325400258055,1.0,0.0,0.0,0.0,0.4006269546232371,0.34385981451715836
personal_ssl,0.47000000000000003,0.638125,0.1716583116279283,0.7745809523809524,0.16584510667084182,0.0,0.0,0.4362313388800378,0.2536835237130604
global_ssl,0.39,0.822625,0.13113325400258055,1.0,0.0,0.0,0.0,0.5455360830825515,0.19965151339437623
