Threshold,Sensitivity_Mean,Sensitivity_STD,Specificity_Mean,Specificity_STD,Accuracy_Mean,Accuracy_STD
0.41000000000000003,0.8697146579727462,0.10173463927435548,0.4294007734095969,0.17296180312966747,0.6667142857142856,0.10476016057897444
