Threshold,Sensitivity_Mean,Sensitivity_STD,Specificity_Mean,Specificity_STD,Accuracy_Mean,Accuracy_STD
0.45,0.9323044639184345,0.08151230347540193,0.38723828948828953,0.16577107731736032,0.6820999999999999,0.10547850831195764
0.46,0.8678494152905918,0.10879158934519559,0.5455524406149406,0.1695747281149958,0.7199,0.10069324271831318
0.47000000000000003,0.7995059876398112,0.13106523289097313,0.6942973026973027,0.1642694509241078,0.7513500000000001,0.09950164861990016
0.48,0.7323383908575085,0.13958032125114012,0.7724389180264181,0.1428181740940701,0.7505,0.09828229448588087
