Pipeline,Best_Threshold,Accuracy_Mean,Accuracy_STD,Sensitivity_Mean,Sensitivity_STD,Specificity_Mean,Specificity_STD,AUC_Mean,AUC_STD
global_supervised,0.38,0.5453050847457628,0.06288303674448709,0.6491691427052081,0.0873596275689817,0.4363850320874553,0.09365364070737543,0.5457425751419954,0.07882352566409268
personal_ssl,0.12,0.5972542372881355,0.06370600809829943,0.910494898256301,0.053450804493518425,0.26737887873030686,0.08170790919199623,0.6565925404514704,0.07614314776227728
global_ssl,0.46,0.6546610169491526,0.05941073673723878,0.5815370648624072,0.08996065434916221,0.730772142532025,0.08298110683826194,0.7233827662219983,0.06970646878860595
