Pipeline,Best_Threshold,Accuracy_Mean,Accuracy_STD,Sensitivity_Mean,Sensitivity_STD,Specificity_Mean,Specificity_STD,AUC_Mean,AUC_STD
global_supervised,0.56,0.33452941176470585,0.11483163305905665,0.31545357314254374,0.12735153759613124,0.40052301587301586,0.3018350345780475,0.285749776313628,0.14814905414844873
personal_ssl,0.59,0.5359411764705883,0.12543662464986435,0.4702679471672119,0.14286273311379188,0.7646436507936507,0.2741545137671187,0.4785653755787639,0.14814161205558307
global_ssl,0.55,0.29376470588235293,0.11311355811736783,0.26480814300079003,0.12314620570662112,0.4023186507936508,0.297208635559263,0.20151350251762198,0.12113578993110087
