Pipeline,Best_Threshold,Accuracy_Mean,Accuracy_STD,Sensitivity_Mean,Sensitivity_STD,Specificity_Mean,Specificity_STD,AUC_Mean,AUC_STD
global_supervised,0.53,0.37141176470588233,0.11828426623277696,0.4666199956905839,0.1515268818974922,0.13419571817071815,0.16880736705588584,0.20128140285175464,0.1262000380999464
personal_ssl,0.7000000000000001,0.7488823529411764,0.10724552180845934,0.7075055406195112,0.1371776080300554,0.8451944832944832,0.18811937709533244,0.714470480663948,0.1676756851103437
global_ssl,0.51,0.28711764705882353,0.10881973381713468,0.3486220251154075,0.13998374898884441,0.13419571817071815,0.16880736705588584,0.07978093235630924,0.10234639056349193
