Threshold,Sensitivity_Mean,Sensitivity_STD,Specificity_Mean,Specificity_STD,Accuracy_Mean,Accuracy_STD
0.09,1.0,0.0,0.08509224566541129,0.0716528510524332,0.47972413793103447,0.09770423156636655
