Threshold,Sensitivity_Mean,Sensitivity_STD,Specificity_Mean,Specificity_STD,Accuracy_Mean,Accuracy_STD
0.52,0.404,0.4352855079984555,0.4895833333333333,0.3296992319189907,0.5005,0.2511231029053536
