Threshold,Sensitivity_Mean,Sensitivity_STD,Specificity_Mean,Specificity_STD,Accuracy_Mean,Accuracy_STD
0.4,0.6978866823129,0.08651389843052201,0.7015507718026385,0.08613371832281165,0.7000169491525423,0.059791949556650806
