Threshold,Sensitivity_Mean,Sensitivity_STD,Specificity_Mean,Specificity_STD,Accuracy_Mean,Accuracy_STD
0.45,0.6994916018083055,0.08296601666307511,0.7259706341584774,0.0844875256976768,0.7126101694915254,0.057581251950247554
