Threshold,Sensitivity_Mean,Sensitivity_STD,Specificity_Mean,Specificity_STD,Accuracy_Mean,Accuracy_STD
0.04,1.0,0.0,0.07345374937066157,0.04964492275148127,0.5483389830508476,0.06603489731276141
