Threshold,Sensitivity_Mean,Sensitivity_STD,Specificity_Mean,Specificity_STD,Accuracy_Mean,Accuracy_STD
0.08,1.0,0.0,0.16983236949956784,0.07014944770609663,0.595406779661017,0.06428790489519158
