Pipeline,Best_Threshold,Accuracy_Mean,Accuracy_STD,Sensitivity_Mean,Sensitivity_STD,Specificity_Mean,Specificity_STD,AUC_Mean,AUC_STD
global_supervised,0.52,0.5039090909090909,0.15012055425193474,0.547355230880231,0.18869645177885827,0.39829523809523815,0.29984739785333203,0.5507585299294352,0.22119921663093278
personal_ssl,0.5700000000000001,0.49763636363636354,0.1440797482295237,0.453053354978355,0.18104703540050093,0.5940940476190476,0.29961990439282715,0.5296940851620404,0.2296717580548937
global_ssl,0.46,0.6878181818181819,0.14528962804745194,0.6377788239538239,0.1829738172924247,0.7846535714285715,0.26852798009805234,0.5824799367017068,0.20727595566339133
