Pipeline,Best_Threshold,Accuracy_Mean,Accuracy_STD,Sensitivity_Mean,Sensitivity_STD,Specificity_Mean,Specificity_STD,AUC_Mean,AUC_STD
global_supervised,0.52,0.4723333333333334,0.14698088705316997,0.6346162337662338,0.17945653208013632,0.1622420634920635,0.19908662083271073,0.5255455468586783,0.19110816234164185
personal_ssl,0.58,0.58525,0.1440838023045303,0.5389901875901876,0.1824783878677664,0.6678142857142857,0.2694197105955757,0.6553476169827179,0.2256858256294361
global_ssl,0.56,0.5215833333333334,0.14646311651762572,0.6185374098124098,0.180940533021748,0.33904365079365084,0.25849068103291095,0.41045142988324806,0.18269996560306984
