Pipeline,Best_Threshold,Accuracy_Mean,Accuracy_STD,Sensitivity_Mean,Sensitivity_STD,Specificity_Mean,Specificity_STD,AUC_Mean,AUC_STD
global_supervised,0.5,0.7750000000000001,0.1416830492052988,0.8932837301587302,0.1255048142584943,0.47891428571428574,0.34745745960148555,0.815397996219914,0.16366527101795253
personal_ssl,0.6,0.7742222222222223,0.14179643749571638,1.0,0.0,0.24236904761904765,0.2897258671996856,0.7097813906033086,0.21243330680220446
global_ssl,0.6,0.6976666666666668,0.152390014580038,0.8904400793650793,0.13058973499701285,0.24236904761904765,0.2897258671996856,0.6823615501697693,0.19383444228090693
