Threshold,Sensitivity_Mean,Sensitivity_STD,Specificity_Mean,Specificity_STD,Accuracy_Mean,Accuracy_STD
0.68,0.8223540263657911,0.11394660234728717,0.5542655927405927,0.25364936170716235,0.7460588235294117,0.10482621450787401
0.6900000000000001,0.765386946795035,0.12777131917365842,0.7001183927183927,0.23457978874220523,0.7471176470588236,0.10632043142286514
0.7000000000000001,0.7075055406195112,0.1371776080300554,0.8451944832944832,0.18811937709533244,0.7488823529411764,0.10724552180845934
0.71,0.7075055406195112,0.1371776080300554,0.8451944832944832,0.18811937709533244,0.7488823529411764,0.10724552180845934
0.72,0.7075055406195112,0.1371776080300554,0.8451944832944832,0.18811937709533244,0.7488823529411764,0.10724552180845934
0.73,0.7075055406195112,0.1371776080300554,0.8451944832944832,0.18811937709533244,0.7488823529411764,0.10724552180845934
0.74,0.7075055406195112,0.1371776080300554,0.8451944832944832,0.18811937709533244,0.7488823529411764,0.10724552180845934
