Pipeline,Best_Threshold,Accuracy_Mean,Accuracy_STD,Sensitivity_Mean,Sensitivity_STD,Specificity_Mean,Specificity_STD,AUC_Mean,AUC_STD
global_supervised,0.26,0.3479285714285714,0.1316255270112665,0.749,0.4338054715966445,0.27675092685092684,0.1285463741069813,0.6518266520602969,0.13336130687361886
personal_ssl,0.12,0.8039285714285714,0.10420013864378097,0.0,0.0,0.8925134837384838,0.08468435314479587,0.5339218673330822,0.20202277480085537
global_ssl,0.49,0.8039285714285714,0.10420013864378097,0.0,0.0,0.8925134837384838,0.08468435314479587,0.5642826021330695,0.16767859283448563
