Pipeline,Best_Threshold,Accuracy_Mean,Accuracy_STD,Sensitivity_Mean,Sensitivity_STD,Specificity_Mean,Specificity_STD,AUC_Mean,AUC_STD
global_supervised,0.21,0.6533571428571427,0.12629972283158136,0.749,0.4338054715966445,0.6157982128982128,0.13377869053181302,0.7005088888266459,0.1412541589403552
personal_ssl,0.04,0.8039285714285714,0.10420013864378097,0.0,0.0,0.8925134837384838,0.08468435314479587,0.6510751450003786,0.1644143028699998
global_ssl,0.03,0.5468571428571428,0.1382361446245527,0.749,0.4338054715966445,0.4973832417582418,0.14560281314970533,0.6743061715024331,0.15638360157103048
