Pipeline,Best_Threshold,Accuracy_Mean,Accuracy_STD,Sensitivity_Mean,Sensitivity_STD,Specificity_Mean,Specificity_STD,AUC_Mean,AUC_STD
global_supervised,0.0,0.31690909090909086,0.14224447155525988,0.983,0.1293357171384909,0.0,0.0,0.49283271972742976,0.20483417291097758
personal_ssl,0.27,0.31690909090909086,0.14224447155525988,0.983,0.1293357171384909,0.0,0.0,0.6588655960858403,0.21656425855030745
global_ssl,0.27,0.31690909090909086,0.14224447155525988,0.983,0.1293357171384909,0.0,0.0,0.6536362205105847,0.17475831583261295
