Threshold,Sensitivity_Mean,Sensitivity_STD,Specificity_Mean,Specificity_STD,Accuracy_Mean,Accuracy_STD
0.45,0.48566190476190474,0.2561404929860925,0.5027738095238096,0.3431653795993024,0.49999999999999994,0.18624647372088218
