Threshold,Sensitivity_Mean,Sensitivity_STD,Specificity_Mean,Specificity_STD,Accuracy_Mean,Accuracy_STD
0.25,0.6636142857142856,0.25159338551572336,0.5027738095238096,0.3431653795993024,0.6078571428571429,0.18547570723053342
