Threshold,Sensitivity_Mean,Sensitivity_STD,Specificity_Mean,Specificity_STD,Accuracy_Mean,Accuracy_STD
0.34,0.3257166666666667,0.24416442859261597,0.5027738095238096,0.3431653795993024,0.40085714285714286,0.1852767398446722
