Threshold,Sensitivity_Mean,Sensitivity_STD,Specificity_Mean,Specificity_STD,Accuracy_Mean,Accuracy_STD
0.28,0.0,0.0,0.6847692307692307,0.13348774753532877,0.6847692307692307,0.13348774753532877
