Threshold,Sensitivity_Mean,Sensitivity_STD,Specificity_Mean,Specificity_STD,Accuracy_Mean,Accuracy_STD
0.25,0.7972992063492064,0.2552051526001735,0.2757060606060606,0.16784883143691334,0.44499999999999995,0.15077556320751445
