Threshold,Sensitivity_Mean,Sensitivity_STD,Specificity_Mean,Specificity_STD,Accuracy_Mean,Accuracy_STD
0.4,0.3951777777777778,0.2991028645369627,0.5421194083694083,0.18809201868168898,0.4981818181818181,0.1541297745159936
