Pipeline,Best_Threshold,Accuracy_Mean,Accuracy_STD,Sensitivity_Mean,Sensitivity_STD,Specificity_Mean,Specificity_STD,AUC_Mean,AUC_STD
global_supervised,0.44,0.589,0.22119658208916324,0.6162666666666666,0.2739614843274414,0.41378333333333334,0.42497949566820875,0.4207089552238806,0.3112927519210858
personal_ssl,0.45,1.0,0.0,0.997,0.054717401199198,0.807,0.394850486775573,1.0,0.0
global_ssl,0.29,0.5728,0.22933109852951206,0.5893999999999999,0.28697559999936406,0.41378333333333334,0.42497949566820875,0.30845771144278605,0.31994109826567135
