Threshold,Sensitivity_Mean,Sensitivity_STD,Specificity_Mean,Specificity_STD,Accuracy_Mean,Accuracy_STD
0.21,0.902,0.29746341705239054,0.13033883893883894,0.10473058001434214,0.2777692307692307,0.12635952692081875
