Threshold,Sensitivity_Mean,Sensitivity_STD,Specificity_Mean,Specificity_STD,Accuracy_Mean,Accuracy_STD
0.07,0.89,0.31304631925323445,0.23782430652422912,0.1080236059488729,0.31989999999999996,0.11113658867061443
