Threshold,Sensitivity_Mean,Sensitivity_STD,Specificity_Mean,Specificity_STD,Accuracy_Mean,Accuracy_STD
0.38,0.0,0.0,0.6374615384615384,0.12962098756368517,0.6374615384615384,0.12962098756368517
