Threshold,Sensitivity_Mean,Sensitivity_STD,Specificity_Mean,Specificity_STD,Accuracy_Mean,Accuracy_STD
0.45,0.6076063492063493,0.30495807161324806,0.5465621572871573,0.18369394818784376,0.5676363636363635,0.1527512775314768
