Threshold,Sensitivity_Mean,Sensitivity_STD,Specificity_Mean,Specificity_STD,Accuracy_Mean,Accuracy_STD
0.15,0.7972992063492064,0.2552051526001735,0.27495577200577204,0.16358786600518033,0.444090909090909,0.14994476932214143
