Threshold,Sensitivity_Mean,Sensitivity_STD,Specificity_Mean,Specificity_STD,Accuracy_Mean,Accuracy_STD
0.13,0.593972619047619,0.2986276371019511,0.4555173881673882,0.18765611356700268,0.5027272727272727,0.1529308688936865
