Threshold,Sensitivity_Mean,Sensitivity_STD,Specificity_Mean,Specificity_STD,Accuracy_Mean,Accuracy_STD
0.45,0.4560738095238095,0.1948257044694448,0.4198,0.42786605695711527,0.467125,0.17409456709872737
