Threshold,Sensitivity_Mean,Sensitivity_STD,Specificity_Mean,Specificity_STD,Accuracy_Mean,Accuracy_STD
0.48,0.4560738095238095,0.1948257044694448,0.807,0.394850486775573,0.552,0.17495101559538845
