Threshold,Sensitivity_Mean,Sensitivity_STD,Specificity_Mean,Specificity_STD,Accuracy_Mean,Accuracy_STD
0.34,0.5633309523809523,0.18620500481303628,0.4198,0.42786605695711527,0.554625,0.16936770587923422
