Threshold,Sensitivity_Mean,Sensitivity_STD,Specificity_Mean,Specificity_STD,Accuracy_Mean,Accuracy_STD
0.03,0.749,0.4338054715966445,0.4973832417582418,0.14560281314970533,0.5468571428571428,0.1382361446245527
