Threshold,Sensitivity_Mean,Sensitivity_STD,Specificity_Mean,Specificity_STD,Accuracy_Mean,Accuracy_STD
0.41000000000000003,0.6692337301587302,0.19206800633020088,0.949,0.22010780869257554,0.7681111111111111,0.14440683784467334
