Pipeline,Best_Threshold,Accuracy_Mean,Accuracy_STD,Sensitivity_Mean,Sensitivity_STD,Specificity_Mean,Specificity_STD,AUC_Mean,AUC_STD
global_supervised,0.15,0.135,0.07764144335731031,0.942,0.2338604085575211,0.0,0.0,0.442754033967916,0.16051591674295582
personal_ssl,0.05,0.10285714285714286,0.06738393737965669,0.7186932539682539,0.32400926945124936,0.0,0.0,0.39685230185554565,0.16147858883608018
global_ssl,0.26,0.2363333333333333,0.09086722855412281,0.7186932539682539,0.32400926945124936,0.15399994206859532,0.08286319047722843,0.43457586706988255,0.16170664048007968
