Pipeline,Best_Threshold,Accuracy_Mean,Accuracy_STD,Sensitivity_Mean,Sensitivity_STD,Specificity_Mean,Specificity_STD,AUC_Mean,AUC_STD
global_supervised,0.23,0.20042857142857143,0.09021149134040077,0.942,0.2338604085575211,0.07566941155679545,0.06233094643176779,0.4663338649015626,0.18396984414429582
personal_ssl,0.0,0.135,0.07764144335731031,0.942,0.2338604085575211,0.0,0.0,0.33761477586035527,0.14100171980775053
global_ssl,0.4,0.36938095238095237,0.10381284074761674,0.7186932539682539,0.32400926945124936,0.3079838953057606,0.10614138229677289,0.36849781322518,0.15432681207034585
