Pipeline,Best_Threshold,Accuracy_Mean,Accuracy_STD,Sensitivity_Mean,Sensitivity_STD,Specificity_Mean,Specificity_STD,AUC_Mean,AUC_STD
global_supervised,0.15,0.135,0.07764144335731031,0.942,0.2338604085575211,0.0,0.0,0.442754033967916,0.16051591674295582
personal_ssl,0.22,0.16709523809523807,0.0812156479318939,0.7186932539682539,0.32400926945124936,0.07418211734086347,0.061582729627514994,0.4278633540148283,0.173042723907346
global_ssl,0.33,0.33476190476190476,0.10152628476440319,0.7186932539682539,0.32400926945124936,0.26767819832386397,0.10163821570751705,0.39458603277338067,0.13214048562888428
