Threshold,Sensitivity_Mean,Sensitivity_STD,Specificity_Mean,Specificity_STD,Accuracy_Mean,Accuracy_STD
0.17,0.4256678571428572,0.23028990243466976,0.7239047619047619,0.3022311911422255,0.535875,0.17359073453994633
