Pipeline,Best_Threshold,Accuracy_Mean,Accuracy_STD,Sensitivity_Mean,Sensitivity_STD,Specificity_Mean,Specificity_STD,AUC_Mean,AUC_STD
global_supervised,0.4,0.9608888888888889,0.04645066023940008,0.0,0.0,1.0,0.0,0.6163906561556246,0.1214096474995328
personal_ssl,0.6,0.9608888888888889,0.04645066023940008,0.0,0.0,1.0,0.0,0.9802505377150862,0.025780252953217755
global_ssl,0.5,0.7292222222222223,0.10546381580240731,0.0,0.0,0.7590210335416219,0.10415304365162975,0.7409845107914962,0.10510524650084531
