Pipeline,Best_Threshold,Accuracy_Mean,Accuracy_STD,Sensitivity_Mean,Sensitivity_STD,Specificity_Mean,Specificity_STD,AUC_Mean,AUC_STD
global_supervised,0.51,0.9608888888888889,0.04645066023940008,0.0,0.0,1.0,0.0,0.6152443696495692,0.12288462146177782
personal_ssl,0.55,0.9608888888888889,0.04645066023940008,0.0,0.0,1.0,0.0,0.9802505377150862,0.025780252953217755
global_ssl,0.65,0.8851111111111113,0.07267140417548491,0.0,0.0,0.9212745412267472,0.06314721558996604,0.6176420594947382,0.11731012498538178
