Threshold,Sensitivity_Mean,Sensitivity_STD,Specificity_Mean,Specificity_STD,Accuracy_Mean,Accuracy_STD
0.32,0.63615,0.366349712479833,0.3872166666666667,0.27146618830232133,0.497,0.2017383578591299
