Threshold,Sensitivity_Mean,Sensitivity_STD,Specificity_Mean,Specificity_STD,Accuracy_Mean,Accuracy_STD
0.24,0.939110694534224,0.07438321693659121,0.5021347666222666,0.18489181037774902,0.7547,0.09776230084990568
