Pipeline,Best_Threshold,Accuracy_Mean,Accuracy_STD,Sensitivity_Mean,Sensitivity_STD,Specificity_Mean,Specificity_STD,AUC_Mean,AUC_STD
global_supervised,0.29,0.6527857142857142,0.12767292942327188,0.37446666666666667,0.41844265348343046,0.6691552725052725,0.13256018487607543,0.6747592490583145,0.13505948673673102
personal_ssl,0.46,0.8039285714285714,0.10420013864378097,0.0,0.0,0.8925134837384838,0.08468435314479587,0.5081984733853893,0.22132106598156118
global_ssl,0.56,0.9010000000000001,0.08244776752018786,0.0,0.0,1.0,0.0,0.19366783268652427,0.12450499505214446
