Pipeline,Best_Threshold,Accuracy_Mean,Accuracy_STD,Sensitivity_Mean,Sensitivity_STD,Specificity_Mean,Specificity_STD,AUC_Mean,AUC_STD
global_supervised,0.27,0.4,0.13107419941344034,0.749,0.4338054715966445,0.3344792818292818,0.13008296608734296,0.6518266520602969,0.13336130687361886
personal_ssl,0.48,0.7022857142857142,0.12017433354036311,0.37446666666666667,0.41844265348343046,0.7237527084027083,0.12574097497232312,0.5006582721535993,0.2540642077517798
global_ssl,0.7000000000000001,0.8528571428571429,0.09368096424480989,0.0,0.0,0.9468513431013431,0.062366654615061634,0.11196521546988837,0.11756023798612025
