Pipeline,Best_Threshold,Accuracy_Mean,Accuracy_STD,Sensitivity_Mean,Sensitivity_STD,Specificity_Mean,Specificity_STD,AUC_Mean,AUC_STD
global_supervised,0.29,0.6527857142857142,0.12767292942327188,0.37446666666666667,0.41844265348343046,0.6691552725052725,0.13256018487607543,0.6747592490583145,0.13505948673673102
personal_ssl,0.13,0.8039285714285714,0.10420013864378097,0.0,0.0,0.8925134837384838,0.08468435314479587,0.504506837918053,0.1861083911921494
global_ssl,0.61,0.9010000000000001,0.08244776752018786,0.0,0.0,1.0,0.0,0.16746495975467937,0.11339500881626431
