Pipeline,Best_Threshold,Accuracy_Mean,Accuracy_STD,Sensitivity_Mean,Sensitivity_STD,Specificity_Mean,Specificity_STD,AUC_Mean,AUC_STD
global_supervised,0.0,0.5015,0.25037059618780205,0.939,0.239450070654273,0.0,0.0,1.0,0.0
personal_ssl,0.0,0.5015,0.25037059618780205,0.939,0.239450070654273,0.0,0.0,0.7766018306636155,0.3000511319824513
global_ssl,0.5700000000000001,0.3305,0.2466385626388959,0.3145,0.36545401895902946,0.30316666666666664,0.353228393643339,0.4298245614035088,0.36732700404138435
