Threshold,Sensitivity_Mean,Sensitivity_STD,Specificity_Mean,Specificity_STD,Accuracy_Mean,Accuracy_STD
0.21,0.4959333333333333,0.31838629376007455,0.7570666666666667,0.28372327089966654,0.6326666666666666,0.1931987841956028
