Threshold,Sensitivity_Mean,Sensitivity_STD,Specificity_Mean,Specificity_STD,Accuracy_Mean,Accuracy_STD
0.26,1.0,0.0,0.38422908896658897,0.16619116409010498,0.7064736842105264,0.10123572736544095
