Threshold,Sensitivity_Mean,Sensitivity_STD,Specificity_Mean,Specificity_STD,Accuracy_Mean,Accuracy_STD
0.28,1.0,0.0,0.30415847485847486,0.15787994473194544,0.6677894736842105,0.10689240170530846
