Threshold,Sensitivity_Mean,Sensitivity_STD,Specificity_Mean,Specificity_STD,Accuracy_Mean,Accuracy_STD
0.42,0.42602319967614083,0.15559236711503638,0.685843684093684,0.15933069049687495,0.5513157894736842,0.11346986399954333
