Pipeline,Best_Threshold,Accuracy_Mean,Accuracy_STD,Sensitivity_Mean,Sensitivity_STD,Specificity_Mean,Specificity_STD,AUC_Mean,AUC_STD
global_supervised,0.0,0.57775,0.11222759256320405,1.0,0.0,0.0,0.0,0.7665470741962286,0.1166613780942645
personal_ssl,0.24,0.7547,0.09776230084990568,0.939110694534224,0.07438321693659121,0.5021347666222666,0.18489181037774902,0.7098407885700901,0.12970158271348436
global_ssl,0.5,0.6135499999999999,0.10726324115419458,0.6288921447833212,0.14480229413369633,0.5901021547896547,0.1786583175278831,0.6724156743664832,0.12802787824351955
