Threshold,Sensitivity_Mean,Sensitivity_STD,Specificity_Mean,Specificity_STD,Accuracy_Mean,Accuracy_STD
0.44,0.6645940476190476,0.18753732828368658,0.4198,0.42786605695711527,0.638625,0.17015489138447376
