Pipeline,Best_Threshold,Accuracy_Mean,Accuracy_STD,Sensitivity_Mean,Sensitivity_STD,Specificity_Mean,Specificity_STD,AUC_Mean,AUC_STD
global_supervised,0.0,0.6015,0.2485146062297134,0.97,0.17067257872642908,0.0,0.0,1.0,0.0
personal_ssl,0.53,0.796,0.20445244141560354,0.6375833333333333,0.3511583604850994,0.866,0.3408227694273963,1.0,0.0
global_ssl,0.3,1.0,0.0,0.97,0.17067257872642908,0.866,0.3408227694273963,1.0,0.0
