Pipeline,Best_Threshold,Accuracy_Mean,Accuracy_STD,Sensitivity_Mean,Sensitivity_STD,Specificity_Mean,Specificity_STD,AUC_Mean,AUC_STD
global_supervised,0.37,0.3730526315789474,0.11185631826436382,0.37439999999999996,0.415475007315634,0.36341967839092454,0.11537402036637039,0.24209435107376281,0.16074186716570596
personal_ssl,0.03,0.3702105263157895,0.11074253626633979,0.37439999999999996,0.415475007315634,0.3606907003084634,0.11328491508254639,0.385178258995906,0.11746503845627454
global_ssl,0.17,0.4841052631578947,0.1147265512954777,0.75,0.4332293707583636,0.44282314090278485,0.11559698392543508,0.5048978548684431,0.12399153651587026
