Pipeline,Best_Threshold,Accuracy_Mean,Accuracy_STD,Sensitivity_Mean,Sensitivity_STD,Specificity_Mean,Specificity_STD,AUC_Mean,AUC_STD
global_supervised,0.0,0.07977777777777778,0.0660461239252333,0.757,0.4291097005838194,0.0,0.0,0.474016055800771,0.12754087653684612
personal_ssl,0.14,0.3501666666666666,0.1128381928533437,0.37239999999999995,0.4148497804511175,0.3384506751418517,0.11613423828081729,0.338258634416067,0.11720859712474131
global_ssl,0.08,0.5113888888888889,0.12315162902348692,0.757,0.4291097005838194,0.4692444938231703,0.12760821833749686,0.4696463297238416,0.12822349734656766
