Threshold,Sensitivity_Mean,Sensitivity_STD,Specificity_Mean,Specificity_STD,Accuracy_Mean,Accuracy_STD
0.22,0.983,0.1293357171384909,0.1789297619047619,0.142682582646836,0.43872727272727263,0.15186211978548103
