Pipeline,Best_Threshold,Accuracy_Mean,Accuracy_STD,Sensitivity_Mean,Sensitivity_STD,Specificity_Mean,Specificity_STD,AUC_Mean,AUC_STD
global_supervised,0.0,0.1325,0.11387149211596692,0.735,0.44155403969386353,0.0,0.0,0.4781432890616564,0.1750890529614315
personal_ssl,0.0,0.1325,0.11387149211596692,0.735,0.44155403969386353,0.0,0.0,0.8637000863837598,0.12946904313110413
global_ssl,0.0,0.1325,0.11387149211596692,0.735,0.44155403969386353,0.0,0.0,0.40275650577691396,0.17182404951943528
