Pipeline,Best_Threshold,Accuracy_Mean,Accuracy_STD,Sensitivity_Mean,Sensitivity_STD,Specificity_Mean,Specificity_STD,AUC_Mean,AUC_STD
global_supervised,0.18,0.36,0.1662720553682921,0.522,0.4997657108743713,0.2972464285714286,0.16464915537476688,1.0,2.005468425947606e-17
personal_ssl,0.53,0.73325,0.15700426057224637,0.0,0.0,0.8044190476190477,0.14359468405259104,0.29671592775041056,0.18030133943323942
global_ssl,0.41000000000000003,0.643375,0.17090111634090216,0.0,0.0,0.7055142857142858,0.16817591800820147,0.49996807151979566,0.20097513057339814
