Threshold,Sensitivity_Mean,Sensitivity_STD,Specificity_Mean,Specificity_STD,Accuracy_Mean,Accuracy_STD
0.53,0.7723531746031747,0.146032397507771,0.36916666666666664,0.4235449947582984,0.738,0.1376769950098961
