Threshold,Sensitivity_Mean,Sensitivity_STD,Specificity_Mean,Specificity_STD,Accuracy_Mean,Accuracy_STD
0.37,0.8349666666666667,0.2057397913974314,0.1398595238095238,0.1725145117557956,0.467,0.1675555947931381
