Pipeline,Best_Threshold,Accuracy_Mean,Accuracy_STD,Sensitivity_Mean,Sensitivity_STD,Specificity_Mean,Specificity_STD,AUC_Mean,AUC_STD
global_supervised,0.1,0.4608888888888889,0.17078101126334017,0.7326095238095238,0.31568294081321696,0.3268051587301587,0.19969392392209467,0.6531762600656129,0.22966241439433016
personal_ssl,0.28,0.3928888888888889,0.16536226296027964,0.24566428571428572,0.29072614719362583,0.45419880952380953,0.20796110071740523,0.21932307717798322,0.1941001891897184
global_ssl,0.36,0.15755555555555556,0.12214565705273965,0.24566428571428572,0.29072614719362583,0.11166507936507937,0.13000409398636695,0.12661132650694237,0.13559901645573116
