Threshold,Sensitivity_Mean,Sensitivity_STD,Specificity_Mean,Specificity_STD,Accuracy_Mean,Accuracy_STD
0.1,0.4813690476190476,0.3386289892391437,0.330584126984127,0.19939297652103716,0.38322222222222224,0.16724583313064562
