Threshold,Sensitivity_Mean,Sensitivity_STD,Specificity_Mean,Specificity_STD,Accuracy_Mean,Accuracy_STD
0.31,0.4813690476190476,0.3386289892391437,0.10478928571428571,0.12808651199286286,0.22877777777777783,0.14041895497052304
