Threshold,Sensitivity_Mean,Sensitivity_STD,Specificity_Mean,Specificity_STD,Accuracy_Mean,Accuracy_STD
0.26,0.7186932539682539,0.32400926945124936,0.15399994206859532,0.08286319047722843,0.2363333333333333,0.09086722855412281
