Threshold,Sensitivity_Mean,Sensitivity_STD,Specificity_Mean,Specificity_STD,Accuracy_Mean,Accuracy_STD
0.44,0.7186932539682539,0.32400926945124936,0.38094077973969614,0.11502704615010353,0.43266666666666664,0.10808323570617231
