Threshold,Sensitivity_Mean,Sensitivity_STD,Specificity_Mean,Specificity_STD,Accuracy_Mean,Accuracy_STD
0.33,0.7186932539682539,0.32400926945124936,0.26767819832386397,0.10163821570751705,0.33476190476190476,0.10152628476440319
