Pipeline,Best_Threshold,Accuracy_Mean,Accuracy_STD,Sensitivity_Mean,Sensitivity_STD,Specificity_Mean,Specificity_STD,AUC_Mean,AUC_STD
global_supervised,0.52,0.629125,0.1749942352117845,0.0,0.0,1.0,0.0,0.39512308520530515,0.23738111361196926
personal_ssl,0.53,0.629125,0.1749942352117845,0.0,0.0,1.0,0.0,0.4282049870307836,0.2257671979650557
global_ssl,0.64,0.720875,0.16058298873564184,0.4722404761904762,0.3276211129305551,0.8624238095238095,0.16407786950575406,0.6064442323692066,0.24503754908547445
