Pipeline,Best_Threshold,Accuracy_Mean,Accuracy_STD,Sensitivity_Mean,Sensitivity_STD,Specificity_Mean,Specificity_STD,AUC_Mean,AUC_STD
global_supervised,0.13,0.2156,0.1340694395252498,0.902,0.2974634170523906,0.0,0.0,0.24892835145883924,0.15953754196812003
personal_ssl,0.13,0.2156,0.1340694395252498,0.902,0.2974634170523906,0.0,0.0,0.47967739239080703,0.21853345103638974
global_ssl,0.35000000000000003,0.21370000000000003,0.13986376182511276,0.5882000000000001,0.39119747203783856,0.09241746031746031,0.10523010508037549,0.1232856438954,0.13224420738328516
