Pipeline,Best_Threshold,Accuracy_Mean,Accuracy_STD,Sensitivity_Mean,Sensitivity_STD,Specificity_Mean,Specificity_STD,AUC_Mean,AUC_STD
global_supervised,0.52,0.4380625,0.1262902473286054,0.6531027777777777,0.2607464718308783,0.3578799228549228,0.1447554826334247,0.43731634108974693,0.17103719508269175
personal_ssl,0.48,0.4275,0.12064485144497539,0.4900730158730159,0.2772899697131492,0.40560740925740923,0.14533252736487215,0.367110498237143,0.15613845746422753
global_ssl,0.54,0.47775,0.12685165092083486,0.33094444444444443,0.25215254082426247,0.5269833583083583,0.14563280395953548,0.481179301678416,0.20060913228038343
