Threshold,Sensitivity_Mean,Sensitivity_STD,Specificity_Mean,Specificity_STD,Accuracy_Mean,Accuracy_STD
0.19,0.75,0.4332293707583636,0.040453689512242146,0.04687460432575027,0.11252631578947367,0.07493271188341022
