Pipeline,Threshold,Accuracy_Mean,Accuracy_STD,Sensitivity_Mean,Sensitivity_STD,Specificity_Mean,Specificity_STD,AUC_Mean,AUC_Std
global_supervised,0.49,0.5802368421052632,0.08016550953428284,0.0,0.0,1.0,0.0,0.4308409633555368,0.09842728264437273
personal_ssl,0.55,0.635875,0.1630343202045648,0.1881404761904762,0.22377271395284715,1.0,0.0,0.6460828523328523,0.23347732580854658
global_ssl,0.49,0.6285,0.1676592067546832,0.99,0.0995485304256668,0.3219416666666666,0.2342711918338218,0.48646284271284274,0.23416818314805826
