Pipeline,Best_Threshold,Accuracy_Mean,Accuracy_STD,Sensitivity_Mean,Sensitivity_STD,Specificity_Mean,Specificity_STD,AUC_Mean,AUC_STD
global_supervised,0.26,0.509,0.19892129295754896,0.25201666666666667,0.27504984785979536,0.7570666666666667,0.28372327089966654,0.28857012750455374,0.23766707269819068
personal_ssl,0.27,0.7558333333333332,0.1760595614881897,0.7428666666666666,0.2805412170886779,0.7570666666666667,0.28372327089966654,0.7274760928961749,0.2409987247050745
global_ssl,0.55,0.8731666666666668,0.13401135166734587,0.7428666666666666,0.2805412170886779,0.988,0.10893974420691409,0.8472706056466303,0.17365188020212222
