Threshold,Sensitivity_Mean,Sensitivity_STD,Specificity_Mean,Specificity_STD,Accuracy_Mean,Accuracy_STD
0.4,0.6751238944355578,0.0837331042044161,0.6315514389926952,0.09141175317149988,0.6541016949152543,0.061257995154065305
