Pipeline,Best_Threshold,Accuracy_Mean,Accuracy_STD,Sensitivity_Mean,Sensitivity_STD,Specificity_Mean,Specificity_STD,AUC_Mean,AUC_STD
global_supervised,0.22,0.5020833333333333,0.10606585333188433,0.885868319872422,0.09246426673189102,0.06229005799841712,0.07379124233198651,0.6148756907211725,0.12507752838248293
personal_ssl,0.0,0.534125,0.10576015910029442,1.0,0.0,0.0,0.0,0.42328249498323034,0.1173666396687897
global_ssl,0.0,0.534125,0.10576015910029442,1.0,0.0,0.0,0.0,0.49016462869811356,0.12590635588034868
