Pipeline,Best_Threshold,Accuracy_Mean,Accuracy_STD,Sensitivity_Mean,Sensitivity_STD,Specificity_Mean,Specificity_STD,AUC_Mean,AUC_STD
global_supervised,0.0,0.5219473684210526,0.11713410719952383,1.0,0.0,0.0,0.0,0.6321001535229476,0.13844802511036097
personal_ssl,0.26,0.7064736842105264,0.10123572736544095,1.0,0.0,0.38422908896658897,0.16619116409010498,0.8253864857364859,0.10158954326461421
global_ssl,0.53,0.553,0.11150493373727766,0.7142348195105549,0.15166448430560084,0.37480954323454324,0.16530126383289004,0.6085811640157228,0.14018947543879226
