Pipeline,Best_Threshold,Accuracy_Mean,Accuracy_STD,Sensitivity_Mean,Sensitivity_STD,Specificity_Mean,Specificity_STD,AUC_Mean,AUC_STD
global_supervised,0.16,0.5219473684210526,0.11713410719952383,1.0,0.0,0.0,0.0,0.6337582209457209,0.13526679712918524
personal_ssl,0.16,0.6296842105263158,0.11059044654655294,1.0,0.0,0.22436009962259962,0.14435321802387063,0.692864047064047,0.13238395206765716
global_ssl,0.56,0.6655263157894736,0.10983909574383627,0.9264854488648607,0.08715026157041286,0.37986240842490837,0.1664371462151797,0.7743298123445183,0.11593460838586246
