Pipeline,Best_Threshold,Accuracy_Mean,Accuracy_STD,Sensitivity_Mean,Sensitivity_STD,Specificity_Mean,Specificity_STD,AUC_Mean,AUC_STD
global_supervised,0.0,0.31690909090909086,0.14224447155525988,0.983,0.1293357171384909,0.0,0.0,0.276776025771448,0.20957017435943032
personal_ssl,0.21,0.31690909090909086,0.14224447155525988,0.983,0.1293357171384909,0.0,0.0,0.6015285649695619,0.24371796841807555
global_ssl,0.0,0.31690909090909086,0.14224447155525988,0.983,0.1293357171384909,0.0,0.0,0.5685056677808459,0.21777430288538235
