Threshold,Sensitivity_Mean,Sensitivity_STD,Specificity_Mean,Specificity_STD,Accuracy_Mean,Accuracy_STD
0.49,0.500547619047619,0.2582095497937892,0.6071988095238096,0.28777362042824706,0.5505,0.17467544621815484
