Threshold,Sensitivity_Mean,Sensitivity_STD,Specificity_Mean,Specificity_STD,Accuracy_Mean,Accuracy_STD
0.42,0.6032714285714286,0.3832767591606115,0.6758051975801975,0.14370752408571216,0.673923076923077,0.13177921767834283
