Threshold,Sensitivity_Mean,Sensitivity_STD,Specificity_Mean,Specificity_STD,Accuracy_Mean,Accuracy_STD
0.16,0.5844714285714285,0.3945587166272985,0.4372913934534678,0.11984954894957436,0.4615,0.11140089838129745
