Threshold,Sensitivity_Mean,Sensitivity_STD,Specificity_Mean,Specificity_STD,Accuracy_Mean,Accuracy_STD
0.1,0.5844714285714285,0.3945587166272985,0.2817488810638965,0.10533806674896616,0.32235,0.10357946807261662
