Threshold,Sensitivity_Mean,Sensitivity_STD,Specificity_Mean,Specificity_STD,Accuracy_Mean,Accuracy_STD
0.19,0.5844714285714285,0.3945587166272985,0.23850064301024054,0.10163124948028238,0.28420000000000006,0.09876798628662586
