Threshold,Sensitivity_Mean,Sensitivity_STD,Specificity_Mean,Specificity_STD,Accuracy_Mean,Accuracy_STD
0.28,0.2948166666666666,0.3458777543281436,0.32271344896933135,0.10863504222756556,0.325,0.10283761751215154
