Pipeline,Best_Threshold,Accuracy_Mean,Accuracy_STD,Sensitivity_Mean,Sensitivity_STD,Specificity_Mean,Specificity_STD,AUC_Mean,AUC_STD
global_supervised,0.31,0.6032142857142858,0.13640092505262696,0.9137598901098901,0.10056890314658164,0.12495609668109667,0.15305539321489922,0.4845758819965169,0.19335745731600645
personal_ssl,0.0,0.6071428571428571,0.13694322664840308,1.0,0.0,0.0,0.0,0.7671795651954382,0.15083336450826687
global_ssl,0.0,0.6071428571428571,0.13694322664840308,1.0,0.0,0.0,0.0,0.6254332170998839,0.16300619372008182
