Threshold,Sensitivity_Mean,Sensitivity_STD,Specificity_Mean,Specificity_STD,Accuracy_Mean,Accuracy_STD
0.47000000000000003,0.5014972222222223,0.26847779839179703,0.1398595238095238,0.1725145117557956,0.31,0.1557881541109817
