Threshold,Sensitivity_Mean,Sensitivity_STD,Specificity_Mean,Specificity_STD,Accuracy_Mean,Accuracy_STD
0.41000000000000003,0.997,0.054717401199198004,0.28373055555555554,0.22250302979862063,0.619,0.1619740904476599
