Threshold,Sensitivity_Mean,Sensitivity_STD,Specificity_Mean,Specificity_STD,Accuracy_Mean,Accuracy_STD
0.19,0.522,0.4997657108743713,0.19663928571428568,0.14363954316283067,0.268,0.15536292233875376
