Pipeline,Best_Threshold,Accuracy_Mean,Accuracy_STD,Sensitivity_Mean,Sensitivity_STD,Specificity_Mean,Specificity_STD,AUC_Mean,AUC_STD
global_supervised,0.12,0.2156,0.1340694395252498,0.902,0.2974634170523906,0.0,0.0,0.3081544979410833,0.17905126142932018
personal_ssl,0.29,0.2156,0.1340694395252498,0.902,0.2974634170523906,0.0,0.0,0.6041517967127723,0.197286375018283
global_ssl,0.27,0.2871,0.15028697939667354,0.902,0.2974634170523906,0.09241746031746031,0.10523010508037549,0.2419934537007708,0.15631721656554187
