Threshold,Sensitivity_Mean,Sensitivity_STD,Specificity_Mean,Specificity_STD,Accuracy_Mean,Accuracy_STD
0.41000000000000003,0.8736424359137596,0.10013669812772333,0.3339764277389277,0.1686280340896165,0.64585,0.10538682974586475
0.42,0.8736424359137596,0.10013669812772333,0.3339764277389277,0.1686280340896165,0.64585,0.10538682974586475
0.43,0.7480610783007842,0.1324101762878799,0.3339764277389277,0.1686280340896165,0.5733499999999999,0.10908334738481706
