Threshold,Sensitivity_Mean,Sensitivity_STD,Specificity_Mean,Specificity_STD,Accuracy_Mean,Accuracy_STD
0.45,0.8671635260164672,0.10591636626398601,0.3047723470973471,0.16178051327965542,0.6106999999999999,0.11125595664002842
0.46,0.8671635260164672,0.10591636626398601,0.3047723470973471,0.16178051327965542,0.6106999999999999,0.11125595664002842
0.47000000000000003,0.7994679899349016,0.12403539040461992,0.46314069680319675,0.17621658856849146,0.647,0.1106039476385596
0.48,0.7316245928091516,0.14177633116680005,0.46314069680319675,0.17621658856849146,0.6103500000000001,0.11527647707215104
