Threshold,Sensitivity_Mean,Sensitivity_STD,Specificity_Mean,Specificity_STD,Accuracy_Mean,Accuracy_STD
0.28,0.8775153354815121,0.10040406295529725,0.4331530169993405,0.16960622009198636,0.6723809523809523,0.10489658499196282
