Threshold,Sensitivity_Mean,Sensitivity_STD,Specificity_Mean,Specificity_STD,Accuracy_Mean,Accuracy_STD
0.52,0.0,0.0,0.9048059523809525,0.10949444758311147,0.7631111111111111,0.14290764652369414
