Threshold,Sensitivity_Mean,Sensitivity_STD,Specificity_Mean,Specificity_STD,Accuracy_Mean,Accuracy_STD
0.47000000000000003,0.0,0.0,0.6267742063492062,0.18108564500045446,0.5277777777777778,0.1661375205961131
