Threshold,Sensitivity_Mean,Sensitivity_STD,Specificity_Mean,Specificity_STD,Accuracy_Mean,Accuracy_STD
0.2,0.942,0.2338604085575211,0.07646169548116143,0.06423741282542192,0.20114285714285712,0.09074465752601364
