Pipeline,Best_Threshold,Accuracy_Mean,Accuracy_STD,Sensitivity_Mean,Sensitivity_STD,Specificity_Mean,Specificity_STD,AUC_Mean,AUC_STD
global_supervised,0.0,0.36369999999999997,0.15425986550657336,0.989,0.10435463521037239,0.0,0.0,0.9578300592228802,0.06895685423434256
personal_ssl,0.42,0.36369999999999997,0.15425986550657336,0.989,0.10435463521037239,0.0,0.0,0.15837309612082107,0.15363724318316196
global_ssl,0.0,0.36369999999999997,0.15425986550657336,0.989,0.10435463521037239,0.0,0.0,0.5573222109875294,0.2061199508606514
