Threshold,Sensitivity_Mean,Sensitivity_STD,Specificity_Mean,Specificity_STD,Accuracy_Mean,Accuracy_STD
0.28,0.63615,0.366349712479833,0.4088333333333333,0.26508597875347395,0.5073333333333333,0.20327537094293432
