Threshold,Sensitivity_Mean,Sensitivity_STD,Specificity_Mean,Specificity_STD,Accuracy_Mean,Accuracy_STD
0.03,0.7186932539682539,0.32400926945124936,0.07702213348227281,0.06311379462493945,0.1693333333333333,0.08359748536868876
