Threshold,Sensitivity_Mean,Sensitivity_STD,Specificity_Mean,Specificity_STD,Accuracy_Mean,Accuracy_STD
0.17,0.7410666666666667,0.28879296166638374,0.0,0.0,0.38016666666666665,0.20327366108869963
