Pipeline,Best_Threshold,Accuracy_Mean,Accuracy_STD,Sensitivity_Mean,Sensitivity_STD,Specificity_Mean,Specificity_STD,AUC_Mean,AUC_STD
global_supervised,0.24,0.6976666666666668,0.15116869858612378,0.8800015873015873,0.14743214025954232,0.38036785714285715,0.30054671363782326,0.7656867261500663,0.1958497488837553
personal_ssl,0.48,0.6175555555555556,0.1660309679900543,0.7479035714285714,0.19467374053751604,0.4011571428571428,0.3103863999774912,0.598406636924967,0.22216986753961324
global_ssl,0.37,0.7706666666666667,0.14078744637102042,0.8785107142857144,0.14563811926524323,0.5853642857142858,0.3043808671502154,0.6224359906895549,0.2345420210667788
