Pipeline,Best_Threshold,Accuracy_Mean,Accuracy_STD,Sensitivity_Mean,Sensitivity_STD,Specificity_Mean,Specificity_STD,AUC_Mean,AUC_STD
global_supervised,0.08,0.3852222222222222,0.16364219022227042,0.958,0.20068950215762724,0.10478928571428571,0.12808651199286286,0.7516863008251318,0.1830236163090287
personal_ssl,0.1,0.551,0.16350650247516244,0.958,0.20068950215762724,0.34428531746031743,0.19622964480976895,0.9718154554793386,0.06147390714337918
global_ssl,0.6,0.8466666666666668,0.12104416022990452,0.958,0.20068950215762724,0.7757174603174604,0.17633080412093402,0.9731807336713391,0.05765089101051465
