Threshold,Sensitivity_Mean,Sensitivity_STD,Specificity_Mean,Specificity_STD,Accuracy_Mean,Accuracy_STD
0.56,0.8180067821067821,0.14390881314748652,0.399702380952381,0.29663525733510104,0.6915454545454545,0.13837510010650947
