Pipeline,Best_Threshold,Accuracy_Mean,Accuracy_STD,Sensitivity_Mean,Sensitivity_STD,Specificity_Mean,Specificity_STD,AUC_Mean,AUC_STD
global_supervised,0.0,0.31690909090909086,0.14224447155525988,0.983,0.1293357171384909,0.0,0.0,0.27574783219493293,0.22983065385231932
personal_ssl,0.35000000000000003,0.5687272727272727,0.15045943972273515,0.7972992063492064,0.2552051526001735,0.45673538961038956,0.1828590119649838,0.6679316233105653,0.17271573012692934
global_ssl,0.42,0.564090909090909,0.15496949528887913,0.40427976190476195,0.30161423280363736,0.6365467171717171,0.18356651341037727,0.6099664535193527,0.17725103082453414
