Threshold,Sensitivity_Mean,Sensitivity_STD,Specificity_Mean,Specificity_STD,Accuracy_Mean,Accuracy_STD
0.54,0.0,0.0,0.9588634016224574,0.04903772334204914,0.8867368421052632,0.07489458743412476
