Pipeline,Best_Threshold,Accuracy_Mean,Accuracy_STD,Sensitivity_Mean,Sensitivity_STD,Specificity_Mean,Specificity_STD,AUC_Mean,AUC_STD
global_supervised,0.51,0.7717777777777778,0.14004728798695865,0.0,0.0,0.9149436507936508,0.1029886171199968,0.5967819301260022,0.19167966353091148
personal_ssl,0.45,0.6852222222222223,0.1542419951316696,0.0,0.0,0.8129964285714286,0.14526942848965366,0.044786552937326134,0.08022900024845529
global_ssl,0.61,0.6952222222222223,0.1528674017460579,0.0,0.0,0.8244587301587302,0.14023571967384613,0.0,0.0
