Pipeline,Best_Threshold,Accuracy_Mean,Accuracy_STD,Sensitivity_Mean,Sensitivity_STD,Specificity_Mean,Specificity_STD,AUC_Mean,AUC_STD
global_supervised,0.13,0.36,0.1662720553682921,0.522,0.4997657108743713,0.2972464285714286,0.16464915537476688,1.0,2.005468425947606e-17
personal_ssl,0.53,0.643375,0.17090111634090216,0.0,0.0,0.7055142857142858,0.16817591800820147,0.7040503557744937,0.17715197286402676
global_ssl,0.38,0.266125,0.15701994981415462,0.0,0.0,0.2924869047619047,0.1714685301765639,0.0,0.0
