Pipeline,Best_Threshold,Accuracy_Mean,Accuracy_STD,Sensitivity_Mean,Sensitivity_STD,Specificity_Mean,Specificity_STD,AUC_Mean,AUC_STD
global_supervised,0.18,0.089375,0.1040182877150897,0.522,0.4997657108743713,0.0,0.0,0.8961366538952745,0.11907268967605536
personal_ssl,0.47000000000000003,0.643375,0.17090111634090216,0.0,0.0,0.7055142857142858,0.16817591800820147,0.09246031746031746,0.11131022946382989
global_ssl,0.35000000000000003,0.184625,0.14124157871731172,0.522,0.4997657108743713,0.1045142857142857,0.11783995110829967,1.0,2.120157715304143e-17
