Pipeline,Best_Threshold,Accuracy_Mean,Accuracy_STD,Sensitivity_Mean,Sensitivity_STD,Specificity_Mean,Specificity_STD,AUC_Mean,AUC_STD
global_supervised,0.11,0.16915384615384615,0.10756460434829689,0.902,0.29746341705239054,0.0,0.0,0.6229820776661132,0.1544098000672097
personal_ssl,0.09,0.16915384615384615,0.10756460434829689,0.902,0.29746341705239054,0.0,0.0,0.7448374303695812,0.18063218066256811
global_ssl,0.3,0.33892307692307694,0.13207744079715994,0.902,0.29746341705239054,0.20419859584859587,0.12217147671531564,0.6919273108020335,0.15822245653188893
