Pipeline,Best_Threshold,Accuracy_Mean,Accuracy_STD,Sensitivity_Mean,Sensitivity_STD,Specificity_Mean,Specificity_STD,AUC_Mean,AUC_STD
global_supervised,0.51,0.7717777777777778,0.14004728798695865,0.0,0.0,0.9149436507936508,0.1029886171199968,0.5967819301260022,0.19167966353091148
personal_ssl,0.48,0.6805555555555556,0.15671647609948844,0.0,0.0,0.806918253968254,0.14706231089703206,0.0,0.0
global_ssl,0.61,0.767,0.1395392846215482,0.0,0.0,0.9095150793650794,0.10230655042697817,0.08655600556373752,0.11749392052433565
