Threshold,Sensitivity_Mean,Sensitivity_STD,Specificity_Mean,Specificity_STD,Accuracy_Mean,Accuracy_STD
0.08,0.958,0.20068950215762724,0.10478928571428571,0.12808651199286286,0.3852222222222222,0.16364219022227042
