Threshold,Sensitivity_Mean,Sensitivity_STD,Specificity_Mean,Specificity_STD,Accuracy_Mean,Accuracy_STD
0.17,0.7067595238095238,0.3224347598705597,0.5596646825396825,0.21131331071515,0.6175555555555556,0.1630264989741325
