Pipeline,Best_Threshold,Accuracy_Mean,Accuracy_STD,Sensitivity_Mean,Sensitivity_STD,Specificity_Mean,Specificity_STD,AUC_Mean,AUC_STD
global_supervised,0.23,0.623375,0.17206129566077452,0.5618238095238095,0.23114316365710683,0.7239047619047619,0.3022311911422255,0.6442005579210102,0.22603903409438092
personal_ssl,0.23,0.645625,0.16815100099058028,1.0,0.0,0.0,0.0,0.5314784906768464,0.25022925334315793
global_ssl,0.23,0.645625,0.16815100099058028,1.0,0.0,0.0,0.0,0.7545716488034062,0.1975422665658763
