Pipeline,Best_Threshold,Accuracy_Mean,Accuracy_STD,Sensitivity_Mean,Sensitivity_STD,Specificity_Mean,Specificity_STD,AUC_Mean,AUC_STD
global_supervised,0.0,0.3883333333333333,0.16533502049576693,0.989,0.10435463521037239,0.0,0.0,0.2884732052578362,0.2172097109483934
personal_ssl,0.0,0.3883333333333333,0.16533502049576693,0.989,0.10435463521037239,0.0,0.0,0.3199696663296259,0.2176660180327719
global_ssl,0.0,0.3883333333333333,0.16533502049576693,0.989,0.10435463521037239,0.0,0.0,0.656162630202064,0.20511389963166998
