Threshold,Sensitivity_Mean,Sensitivity_STD,Specificity_Mean,Specificity_STD,Accuracy_Mean,Accuracy_STD
0.34,0.9288202561247817,0.04715945034967523,0.6558870946241653,0.09007314099303254,0.7958474576271186,0.05194955171514008
