Pipeline,Best_Threshold,Accuracy_Mean,Accuracy_STD,Sensitivity_Mean,Sensitivity_STD,Specificity_Mean,Specificity_STD,AUC_Mean,AUC_STD
global_supervised,0.0,0.5015,0.25037059618780205,0.939,0.239450070654273,0.0,0.0,1.0,0.0
personal_ssl,0.0,0.5015,0.25037059618780205,0.939,0.239450070654273,0.0,0.0,0.6663806254767354,0.337872276904286
global_ssl,0.5,0.4985,0.2553192862631766,0.6246666666666667,0.38424931545197866,0.30316666666666664,0.353228393643339,0.5454805491990846,0.37013645728581585
