Pipeline,Best_Threshold,Accuracy_Mean,Accuracy_STD,Sensitivity_Mean,Sensitivity_STD,Specificity_Mean,Specificity_STD,AUC_Mean,AUC_STD
global_supervised,0.0,0.5015,0.25037059618780205,0.939,0.239450070654273,0.0,0.0,1.0,0.0
personal_ssl,0.0,0.5015,0.25037059618780205,0.939,0.239450070654273,0.0,0.0,0.6663806254767354,0.337872276904286
global_ssl,0.37,0.16475,0.18929016949717245,0.0,0.0,0.30316666666666664,0.353228393643339,0.1160373760488177,0.22472088524358616
