Threshold,Sensitivity_Mean,Sensitivity_STD,Specificity_Mean,Specificity_STD,Accuracy_Mean,Accuracy_STD
0.45,0.3055285714285715,0.35349986160131963,0.9207507294820764,0.06322886499963459,0.85825,0.07978598437885755
