Threshold,Sensitivity_Mean,Sensitivity_STD,Specificity_Mean,Specificity_STD,Accuracy_Mean,Accuracy_STD
0.49,0.36222936507936504,0.20849361564690203,0.6016321428571427,0.3071075885829584,0.4537777777777777,0.16220224668014727
