Threshold,Sensitivity_Mean,Sensitivity_STD,Specificity_Mean,Specificity_STD,Accuracy_Mean,Accuracy_STD
0.23,0.5618238095238095,0.23114316365710683,0.4938904761904762,0.33708816898812544,0.5385,0.17823655143731962
