Threshold,Sensitivity_Mean,Sensitivity_STD,Specificity_Mean,Specificity_STD,Accuracy_Mean,Accuracy_STD
0.34,0.28363333333333335,0.33419544670236995,0.6317837301587301,0.16875662119869989,0.565,0.1536835014522334
