Threshold,Sensitivity_Mean,Sensitivity_STD,Specificity_Mean,Specificity_STD,Accuracy_Mean,Accuracy_STD
0.51,0.7479035714285714,0.19467374053751604,0.20788809523809523,0.25680949299143996,0.5457777777777778,0.170497116684306
