Pipeline,Best_Threshold,Accuracy_Mean,Accuracy_STD,Sensitivity_Mean,Sensitivity_STD,Specificity_Mean,Specificity_STD,AUC_Mean,AUC_STD
global_supervised,0.24,0.6976666666666668,0.15116869858612378,0.8800015873015873,0.14743214025954232,0.38036785714285715,0.30054671363782326,0.7431181909287815,0.20224879869508075
personal_ssl,0.0,0.6253333333333333,0.16169372563675133,1.0,0.0,0.0,0.0,0.6227851323828921,0.21302666731973866
global_ssl,0.22,0.7734444444444445,0.13819944551647825,1.0,0.0,0.38036785714285715,0.30054671363782326,0.7696982187308052,0.21604213505492978
