Threshold,Sensitivity_Mean,Sensitivity_STD,Specificity_Mean,Specificity_STD,Accuracy_Mean,Accuracy_STD
0.34,0.7480471306471307,0.15468222002486304,0.5003116883116883,0.23572651722845028,0.6523571428571429,0.1305532116795882
