Threshold,Sensitivity_Mean,Sensitivity_STD,Specificity_Mean,Specificity_STD,Accuracy_Mean,Accuracy_STD
0.44,0.8638440476190477,0.16082577108799967,0.4823404761904761,0.3328394732355853,0.735125,0.15724291624651876
