Threshold,Sensitivity_Mean,Sensitivity_STD,Specificity_Mean,Specificity_STD,Accuracy_Mean,Accuracy_STD
0.28,0.504,0.5002341793942455,0.9594258753501401,0.049982984598685956,0.9609444444444445,0.04809778300569993
