Pipeline,Best_Threshold,Accuracy_Mean,Accuracy_STD,Sensitivity_Mean,Sensitivity_STD,Specificity_Mean,Specificity_STD,AUC_Mean,AUC_STD
global_supervised,0.11,0.16795238095238094,0.08446735092820545,0.942,0.2338604085575211,0.03807434470414347,0.045532516508660206,0.44000885383254584,0.19281316219011368
personal_ssl,0.49,0.3704285714285714,0.10446898412412832,0.7186932539682539,0.32400926945124936,0.3093331590193433,0.10911086461876326,0.3974676844990479,0.15980510259040934
global_ssl,0.33,0.30195238095238097,0.09792574293378463,0.7186932539682539,0.32400926945124936,0.23019394739677249,0.0977694002966466,0.36397364541127203,0.14986507749182978
