Threshold,Sensitivity_Mean,Sensitivity_STD,Specificity_Mean,Specificity_STD,Accuracy_Mean,Accuracy_STD
0.25,0.0,0.0,0.8273738095238096,0.1968885545692809,0.49171428571428566,0.18791912971701236
