Threshold,Sensitivity_Mean,Sensitivity_STD,Specificity_Mean,Specificity_STD,Accuracy_Mean,Accuracy_STD
0.36,0.33346944444444443,0.2509207604137903,0.2811384920634921,0.22340292851192786,0.3071111111111111,0.15332561205230014
