Threshold,Sensitivity_Mean,Sensitivity_STD,Specificity_Mean,Specificity_STD,Accuracy_Mean,Accuracy_STD
0.33,0.49239960317460324,0.2717682953216534,0.29257698412698413,0.23246123870711818,0.387,0.16592207530447825
