Threshold,Sensitivity_Mean,Sensitivity_STD,Specificity_Mean,Specificity_STD,Accuracy_Mean,Accuracy_STD
0.22,0.8198309523809524,0.21596488520659995,0.14702976190476189,0.17793083136065546,0.4632222222222222,0.1723779169296649
