Pipeline,Best_Threshold,Accuracy_Mean,Accuracy_STD,Sensitivity_Mean,Sensitivity_STD,Specificity_Mean,Specificity_STD,AUC_Mean,AUC_STD
global_supervised,0.1,0.16915384615384615,0.10756460434829689,0.902,0.29746341705239054,0.0,0.0,0.6229820776661132,0.1544098000672097
personal_ssl,0.2,0.16915384615384615,0.10756460434829689,0.902,0.29746341705239054,0.0,0.0,0.9134080750488733,0.08692055840953782
global_ssl,0.33,0.16915384615384615,0.10756460434829689,0.902,0.29746341705239054,0.0,0.0,0.650658029455147,0.1475431985574812
