Pipeline,Best_Threshold,Accuracy_Mean,Accuracy_STD,Sensitivity_Mean,Sensitivity_STD,Specificity_Mean,Specificity_STD,AUC_Mean,AUC_STD
global_supervised,0.25,0.2865384615384615,0.12789000310545948,0.902,0.29746341705239054,0.14149587912087913,0.10656690041976909,0.8662270871528076,0.10076278566017603
personal_ssl,0.11,0.4475384615384616,0.13751970428093283,0.902,0.29746341705239054,0.33453743478743475,0.14339728011625535,0.8061043200455618,0.13198431091923998
global_ssl,0.33,0.16915384615384615,0.10756460434829689,0.902,0.29746341705239054,0.0,0.0,0.31342879219819353,0.14296778760681036
