Pipeline,Best_Threshold,Accuracy_Mean,Accuracy_STD,Sensitivity_Mean,Sensitivity_STD,Specificity_Mean,Specificity_STD,AUC_Mean,AUC_STD
global_supervised,0.1,0.16915384615384615,0.10756460434829689,0.902,0.29746341705239054,0.0,0.0,0.6229820776661132,0.1544098000672097
personal_ssl,0.08,0.16915384615384615,0.10756460434829689,0.902,0.29746341705239054,0.0,0.0,0.8069805194805194,0.1434161704973379
global_ssl,0.42,0.16915384615384615,0.10756460434829689,0.902,0.29746341705239054,0.0,0.0,0.5422648643546648,0.1614493099868954
