Threshold,Sensitivity_Mean,Sensitivity_STD,Specificity_Mean,Specificity_STD,Accuracy_Mean,Accuracy_STD
0.49,0.8292412698412699,0.21480668895977312,0.34453253968253966,0.2014487056321781,0.5384,0.16196194513425574
