Pipeline,Best_Threshold,Accuracy_Mean,Accuracy_STD,Sensitivity_Mean,Sensitivity_STD,Specificity_Mean,Specificity_STD,AUC_Mean,AUC_STD
global_supervised,0.0,0.6102857142857142,0.18745000627311423,0.998,0.04469897088298564,0.0,0.0,0.34738663897542404,0.23261902031683962
personal_ssl,0.28,0.5078571428571428,0.1979948409911226,0.6631619047619047,0.2432710841157496,0.2515928571428571,0.3000594019679023,0.2635860159224645,0.23683096466490253
global_ssl,0.25,0.5087142857142857,0.19038387939039328,0.5036690476190476,0.26872801286423265,0.5027738095238096,0.3431653795993024,0.4713568708895811,0.2747059670862219
