Pipeline,Best_Threshold,Accuracy_Mean,Accuracy_STD,Sensitivity_Mean,Sensitivity_STD,Specificity_Mean,Specificity_STD,AUC_Mean,AUC_STD
global_supervised,0.0,0.5216,0.11342974171841487,1.0,0.0,0.0,0.0,0.8708928851254955,0.0806293853601452
personal_ssl,0.04,0.62325,0.11182326207879084,1.0,0.0,0.21327533993783995,0.14404236199691997,0.7822993608556476,0.1166759924982119
global_ssl,0.5,0.6928499999999999,0.10880356481161688,1.0,0.0,0.3593297896547896,0.17059871924313186,0.875861909858932,0.0853947457225066
