Pipeline,Best_Threshold,Accuracy_Mean,Accuracy_STD,Sensitivity_Mean,Sensitivity_STD,Specificity_Mean,Specificity_STD,AUC_Mean,AUC_STD
global_supervised,0.0,0.5216,0.11342974171841487,1.0,0.0,0.0,0.0,0.8708928851254955,0.0806293853601452
personal_ssl,0.09,0.62325,0.11182326207879084,1.0,0.0,0.21327533993783995,0.14404236199691997,0.7719399083188054,0.11601410644986637
global_ssl,0.53,0.76405,0.0979269482174707,0.9354797554569614,0.08037133377396753,0.57648576007326,0.17067715372138262,0.8315638716430629,0.09595560887829428
