Pipeline,Best_Threshold,Accuracy_Mean,Accuracy_STD,Sensitivity_Mean,Sensitivity_STD,Specificity_Mean,Specificity_STD,AUC_Mean,AUC_STD
global_supervised,0.27,0.4347142857142857,0.11071571698782752,0.6842919749368278,0.14200040368958877,0.14152430747357217,0.11728355309832714,0.49792500014768915,0.13851488610156337
personal_ssl,0.26,0.671,0.10333913115651,0.8764193237318237,0.09923812113987254,0.43104615915130623,0.17447092463201241,0.6765990252006009,0.13777905352223802
global_ssl,0.52,0.697,0.09990508684672555,0.6834145566035272,0.13920317393005135,0.7131221691706986,0.15418917861575362,0.5894759977223213,0.13586512587979846
