Pipeline,Best_Threshold,Accuracy_Mean,Accuracy_STD,Sensitivity_Mean,Sensitivity_STD,Specificity_Mean,Specificity_STD,AUC_Mean,AUC_STD
global_supervised,0.06,0.4608888888888889,0.17078101126334017,0.7326095238095238,0.31568294081321696,0.3268051587301587,0.19969392392209467,0.5941499320674686,0.23208501888561323
personal_ssl,0.17,0.315,0.15775394150114144,0.24566428571428572,0.29072614719362583,0.3405063492063492,0.1962085904346909,0.24628856413825098,0.24470300608359202
global_ssl,0.31,0.22877777777777783,0.14041895497052304,0.4813690476190476,0.3386289892391437,0.10478928571428571,0.12808651199286286,0.37458163502004843,0.2672199407315846
