Pipeline,Best_Threshold,Accuracy_Mean,Accuracy_STD,Sensitivity_Mean,Sensitivity_STD,Specificity_Mean,Specificity_STD,AUC_Mean,AUC_STD
global_supervised,0.2,0.38622222222222224,0.1655385391569523,0.4813690476190476,0.3386289892391437,0.33363055555555554,0.2009218468340756,0.4354152168870331,0.23965929599843744
personal_ssl,0.26,0.3981111111111111,0.15982939129963583,0.4969047619047619,0.33958554968732224,0.344722619047619,0.1934790267861357,0.3352615402458826,0.22479118744985838
global_ssl,0.24,0.157,0.12037003670290757,0.4813690476190476,0.3386289892391437,0.0,0.0,0.21526079464492823,0.248983084015189
