Pipeline,Best_Threshold,Accuracy_Mean,Accuracy_STD,Sensitivity_Mean,Sensitivity_STD,Specificity_Mean,Specificity_STD,AUC_Mean,AUC_STD
global_supervised,0.06,0.4608888888888889,0.17078101126334017,0.7326095238095238,0.31568294081321696,0.3268051587301587,0.19969392392209467,0.5941499320674686,0.23208501888561323
personal_ssl,0.26,0.4633333333333334,0.1704552167193271,0.24566428571428572,0.29072614719362583,0.5573980158730159,0.2077982897597552,0.24628856413825098,0.24470300608359202
global_ssl,0.1,0.38322222222222224,0.16724583313064562,0.4813690476190476,0.3386289892391437,0.330584126984127,0.19939297652103716,0.46129916824071315,0.30903043583115236
