Threshold,Sensitivity_Mean,Sensitivity_STD,Specificity_Mean,Specificity_STD,Accuracy_Mean,Accuracy_STD
0.5,0.6288333333333332,0.3816162162330731,0.30316666666666664,0.353228393643339,0.49825,0.2512420348191362
