Threshold,Sensitivity_Mean,Sensitivity_STD,Specificity_Mean,Specificity_STD,Accuracy_Mean,Accuracy_STD
0.33,0.8199587301587301,0.2114739609546192,0.3251149045399045,0.1551829532453338,0.46979999999999994,0.13612020765909585
0.34,0.8199587301587301,0.2114739609546192,0.3251149045399045,0.1551829532453338,0.46979999999999994,0.13612020765909585
0.35000000000000003,0.8199587301587301,0.2114739609546192,0.3251149045399045,0.1551829532453338,0.46979999999999994,0.13612020765909585
0.36,0.8199587301587301,0.2114739609546192,0.3251149045399045,0.1551829532453338,0.46979999999999994,0.13612020765909585
