Threshold,Sensitivity_Mean,Sensitivity_STD,Specificity_Mean,Specificity_STD,Accuracy_Mean,Accuracy_STD
0.03,0.8314912337662338,0.20562782443661148,0.39261389166389166,0.1469964845933617,0.5199333333333334,0.12709110001592877
