Threshold,Sensitivity_Mean,Sensitivity_STD,Specificity_Mean,Specificity_STD,Accuracy_Mean,Accuracy_STD
0.35000000000000003,0.8879233237941073,0.0894181962019056,0.41774747855807015,0.12192177984011494,0.6206896551724138,0.09038740028042662
