Threshold,Sensitivity_Mean,Sensitivity_STD,Specificity_Mean,Specificity_STD,Accuracy_Mean,Accuracy_STD
0.23,0.9331506034814858,0.07760450358870702,0.1657002580752581,0.13831976176161945,0.6103,0.11145102660510278
