Threshold,Sensitivity_Mean,Sensitivity_STD,Specificity_Mean,Specificity_STD,Accuracy_Mean,Accuracy_STD
0.47000000000000003,0.3329654761904762,0.23204294490590502,0.6092190476190477,0.28287711418441575,0.459625,0.17268918880732206
