Threshold,Sensitivity_Mean,Sensitivity_STD,Specificity_Mean,Specificity_STD,Accuracy_Mean,Accuracy_STD
0.44,0.6654904761904762,0.24083437934211768,0.6071988095238096,0.28777362042824706,0.64125,0.16941705829000703
