Threshold,Sensitivity_Mean,Sensitivity_STD,Specificity_Mean,Specificity_STD,Accuracy_Mean,Accuracy_STD
0.27,0.8397702380952381,0.1900282272566592,0.2063345238095238,0.23258290787726502,0.56175,0.1787110100836687
