Threshold,Sensitivity_Mean,Sensitivity_STD,Specificity_Mean,Specificity_STD,Accuracy_Mean,Accuracy_STD
0.34,0.3329654761904762,0.23204294490590502,0.39688571428571423,0.2760433393254706,0.367125,0.16867367958631005
