Threshold,Sensitivity_Mean,Sensitivity_STD,Specificity_Mean,Specificity_STD,Accuracy_Mean,Accuracy_STD
0.28,0.522,0.4997657108743713,0.0923892857142857,0.10518965648136418,0.173375,0.13453562431270463
