Threshold,Sensitivity_Mean,Sensitivity_STD,Specificity_Mean,Specificity_STD,Accuracy_Mean,Accuracy_STD
0.35000000000000003,0.3846,0.41841117086892876,0.8670075881634707,0.08206551975049269,0.8387777777777778,0.08568487295321481
