Pipeline,Best_Threshold,Accuracy_Mean,Accuracy_STD,Sensitivity_Mean,Sensitivity_STD,Specificity_Mean,Specificity_STD,AUC_Mean,AUC_STD
global_supervised,0.51,0.6672,0.14787165389629625,0.478,0.4997657108743713,0.6447698412698412,0.15509490469049922,0.9267076774921964,0.08473176394208297
personal_ssl,0.13,0.4005,0.1534708548985875,0.478,0.4997657108743713,0.3595781746031746,0.15523533114060048,0.3639710765756791,0.16385905743945636
global_ssl,0.0,0.064,0.07956337304520422,0.478,0.4997657108743713,0.0,0.0,0.0,0.0
