Threshold,Sensitivity_Mean,Sensitivity_STD,Specificity_Mean,Specificity_STD,Accuracy_Mean,Accuracy_STD
0.2,0.4813690476190476,0.3386289892391437,0.33363055555555554,0.2009218468340756,0.38622222222222224,0.1655385391569523
