Threshold,Sensitivity_Mean,Sensitivity_STD,Specificity_Mean,Specificity_STD,Accuracy_Mean,Accuracy_STD
0.33,0.8801285714285715,0.1501431011882741,0.1333456349206349,0.15702301975903313,0.5114545454545454,0.1487913510217114
