Threshold,Sensitivity_Mean,Sensitivity_STD,Specificity_Mean,Specificity_STD,Accuracy_Mean,Accuracy_STD
0.36,0.24566428571428572,0.29072614719362583,0.11166507936507937,0.13000409398636695,0.15755555555555556,0.12214565705273965
