Pipeline,Best_Threshold,Accuracy_Mean,Accuracy_STD,Sensitivity_Mean,Sensitivity_STD,Specificity_Mean,Specificity_STD,AUC_Mean,AUC_STD
global_supervised,0.23,0.5385,0.17823655143731962,0.5618238095238095,0.23114316365710683,0.4938904761904762,0.33708816898812544,0.6442005579210102,0.22603903409438092
personal_ssl,0.1,0.645625,0.16815100099058028,1.0,0.0,0.0,0.0,0.49505395683453235,0.23789428943950303
global_ssl,0.23,0.645625,0.16815100099058028,1.0,0.0,0.0,0.0,0.8617016590808986,0.16489540438137196
