Threshold,Sensitivity_Mean,Sensitivity_STD,Specificity_Mean,Specificity_STD,Accuracy_Mean,Accuracy_STD
0.53,0.6375833333333333,0.3511583604850994,0.866,0.3408227694273963,0.796,0.20445244141560354
