Threshold,Sensitivity_Mean,Sensitivity_STD,Specificity_Mean,Specificity_STD,Accuracy_Mean,Accuracy_STD
0.44,0.6176736652236653,0.2322849952787759,0.9077771006771006,0.1095076147466203,0.7843846153846155,0.11667208616159551
