Threshold,Sensitivity_Mean,Sensitivity_STD,Specificity_Mean,Specificity_STD,Accuracy_Mean,Accuracy_STD
0.46,0.3753936507936507,0.29840887721650405,0.6365467171717171,0.18356651341037727,0.5583636363636364,0.15440423282214252
