Threshold,Sensitivity_Mean,Sensitivity_STD,Specificity_Mean,Specificity_STD,Accuracy_Mean,Accuracy_STD
0.48,0.8337229797979798,0.2119384543920099,0.3207879981129981,0.14468958055138448,0.4716666666666666,0.12797673503952992
0.49,0.8337229797979798,0.2119384543920099,0.453244203019203,0.15913069086523776,0.5660666666666666,0.1297125832104658
0.5,0.8337229797979798,0.2119384543920099,0.453244203019203,0.15913069086523776,0.5660666666666666,0.1297125832104658
