Threshold,Sensitivity_Mean,Sensitivity_STD,Specificity_Mean,Specificity_STD,Accuracy_Mean,Accuracy_STD
0.18,0.396,0.43344188984438486,0.4865833333333333,0.3366852552871813,0.49575,0.2597824559596441
