Threshold,Sensitivity_Mean,Sensitivity_STD,Specificity_Mean,Specificity_STD,Accuracy_Mean,Accuracy_STD
0.33,0.989,0.10435463521037239,0.45328809523809527,0.20828079995943602,0.653,0.1505113073946727
