Threshold,Sensitivity_Mean,Sensitivity_STD,Specificity_Mean,Specificity_STD,Accuracy_Mean,Accuracy_STD
0.36,0.948,0.22213812222431645,0.5056166666666667,0.3334265097500058,0.7204,0.20480670346887034
