Threshold,Sensitivity_Mean,Sensitivity_STD,Specificity_Mean,Specificity_STD,Accuracy_Mean,Accuracy_STD
0.6,0.958,0.20068950215762724,0.7757174603174604,0.17633080412093402,0.8466666666666668,0.12104416022990452
