Threshold,Sensitivity_Mean,Sensitivity_STD,Specificity_Mean,Specificity_STD,Accuracy_Mean,Accuracy_STD
0.42,0.958,0.20068950215762724,0.11166507936507937,0.13000409398636695,0.39055555555555554,0.16253831134003624
