Threshold,Sensitivity_Mean,Sensitivity_STD,Specificity_Mean,Specificity_STD,Accuracy_Mean,Accuracy_STD
0.29,0.17795238095238095,0.20101090760656135,0.7375380952380952,0.3172964259845634,0.40514285714285714,0.1897833818271031
