Threshold,Sensitivity_Mean,Sensitivity_STD,Specificity_Mean,Specificity_STD,Accuracy_Mean,Accuracy_STD
0.37,0.0,0.0,0.8676221279537457,0.08371024133081831,0.7986111111111112,0.09752265416549577
