Threshold,Sensitivity_Mean,Sensitivity_STD,Specificity_Mean,Specificity_STD,Accuracy_Mean,Accuracy_STD
0.4,0.8846940476190476,0.13174334266443077,0.4198,0.42786605695711527,0.819875,0.13426144461650377
