Threshold,Sensitivity_Mean,Sensitivity_STD,Specificity_Mean,Specificity_STD,Accuracy_Mean,Accuracy_STD
0.59,0.7665321428571429,0.16972326304491964,0.4198,0.42786605695711527,0.722875,0.15629871612928772
