Pipeline,Best_Threshold,Accuracy_Mean,Accuracy_STD,Sensitivity_Mean,Sensitivity_STD,Specificity_Mean,Specificity_STD,AUC_Mean,AUC_STD
global_supervised,0.0,0.8005,0.20184273702685088,0.998,0.04469897088298564,0.0,0.0,0.6307495741056217,0.1437598699429661
personal_ssl,0.0,0.8005,0.20184273702685088,0.998,0.04469897088298564,0.0,0.0,0.3692504258943782,0.1437598699429661
global_ssl,0.0,0.8005,0.20184273702685088,0.998,0.04469897088298564,0.0,0.0,0.6307495741056217,0.1437598699429661
