Pipeline,Best_Threshold,Accuracy_Mean,Accuracy_STD,Sensitivity_Mean,Sensitivity_STD,Specificity_Mean,Specificity_STD,AUC_Mean,AUC_STD
global_supervised,0.17,0.491,0.5001691405606399,0.491,0.5001691405606399,0.0,0.0,,
personal_ssl,0.28,0.509,0.5001691405606399,0.0,0.0,0.509,0.5001691405606399,,
global_ssl,0.35000000000000003,0.491,0.5001691405606399,0.491,0.5001691405606399,0.0,0.0,,
