Threshold,Sensitivity_Mean,Sensitivity_STD,Specificity_Mean,Specificity_STD,Accuracy_Mean,Accuracy_STD
0.38,0.6003452380952381,0.3944393442768446,0.2842052940609442,0.10564605744663602,0.32715,0.10421726698939451
