Threshold,Sensitivity_Mean,Sensitivity_STD,Specificity_Mean,Specificity_STD,Accuracy_Mean,Accuracy_STD
0.51,0.7692487734487734,0.17641753757445827,0.37914426406926405,0.22256540571396055,0.58775,0.14613697594366795
