Threshold,Sensitivity_Mean,Sensitivity_STD,Specificity_Mean,Specificity_STD,Accuracy_Mean,Accuracy_STD
0.58,0.735,0.44155403969386353,0.46097380952380956,0.1692989805190649,0.5334,0.15623331542551624
0.59,0.735,0.44155403969386353,0.46097380952380956,0.1692989805190649,0.5334,0.15623331542551624
0.6,0.735,0.44155403969386353,0.6895956349206349,0.15957684427457752,0.7317,0.14001683725436279
