Threshold,Sensitivity_Mean,Sensitivity_STD,Specificity_Mean,Specificity_STD,Accuracy_Mean,Accuracy_STD
0.36,0.7787936507936507,0.17254832814563353,0.949,0.22010780869257554,0.8446666666666668,0.12575092356025755
