Threshold,Sensitivity_Mean,Sensitivity_STD,Specificity_Mean,Specificity_STD,Accuracy_Mean,Accuracy_STD
0.5,0.780966341991342,0.18998370786407526,0.3011819957819957,0.16312159455750494,0.5013333333333334,0.13560953322335642
