Threshold,Sensitivity_Mean,Sensitivity_STD,Specificity_Mean,Specificity_STD,Accuracy_Mean,Accuracy_STD
0.24,0.3373785714285714,0.24618522033745086,0.5027738095238096,0.3431653795993024,0.40857142857142853,0.1857192356532691
