Threshold,Sensitivity_Mean,Sensitivity_STD,Specificity_Mean,Specificity_STD,Accuracy_Mean,Accuracy_STD
0.28,0.6424166666666667,0.3442118652764399,0.866,0.3408227694273963,0.79225,0.2108242974241451
