Pipeline,Best_Threshold,Accuracy_Mean,Accuracy_STD,Sensitivity_Mean,Sensitivity_STD,Specificity_Mean,Specificity_STD,AUC_Mean,AUC_STD
global_supervised,0.0,0.558125,0.1780451050560909,0.999,0.0316227766016838,0.0,0.0,0.542412674289574,0.2435712424165694
personal_ssl,0.23,0.638375,0.17163899416892223,0.6694488095238095,0.24239195103551678,0.5931345238095238,0.2883687947133476,0.6052250687509046,0.24324686730014458
global_ssl,0.44,0.64125,0.16941705829000703,0.6654904761904762,0.24083437934211768,0.6071988095238096,0.28777362042824706,0.4444167028513533,0.25240520169159153
