Pipeline,Best_Threshold,Accuracy_Mean,Accuracy_STD,Sensitivity_Mean,Sensitivity_STD,Specificity_Mean,Specificity_STD,AUC_Mean,AUC_STD
global_supervised,0.0,0.558125,0.1780451050560909,0.999,0.0316227766016838,0.0,0.0,0.6712180971679452,0.2197066750522273
personal_ssl,0.43,0.5485,0.17542027326472923,0.507245238095238,0.25628721903984664,0.5931345238095238,0.2883687947133476,0.6369017465142086,0.2437986105868374
global_ssl,0.34,0.367125,0.16867367958631005,0.3329654761904762,0.23204294490590502,0.39688571428571423,0.2760433393254706,0.37535883147585275,0.22766514293024373
