Pipeline,Best_Threshold,Accuracy_Mean,Accuracy_STD,Sensitivity_Mean,Sensitivity_STD,Specificity_Mean,Specificity_STD,AUC_Mean,AUC_STD
global_supervised,0.0,0.558125,0.1780451050560909,0.999,0.0316227766016838,0.0,0.0,0.6712180971679452,0.2197066750522273
personal_ssl,0.51,0.5485,0.17542027326472923,0.507245238095238,0.25628721903984664,0.5931345238095238,0.2883687947133476,0.6369017465142086,0.2437986105868374
global_ssl,0.47000000000000003,0.459625,0.17268918880732206,0.3329654761904762,0.23204294490590502,0.6092190476190477,0.28287711418441575,0.4708785641916341,0.23243813933582658
