Threshold,Sensitivity_Mean,Sensitivity_STD,Specificity_Mean,Specificity_STD,Accuracy_Mean,Accuracy_STD
0.41000000000000003,0.7475482683982684,0.20239704702822198,0.6318362248862248,0.18997401740847605,0.6816923076923076,0.13394311227298217
