Threshold,Sensitivity_Mean,Sensitivity_STD,Specificity_Mean,Specificity_STD,Accuracy_Mean,Accuracy_STD
0.6900000000000001,0.37560000000000004,0.4158362442166705,0.7169560896018325,0.10772469884760329,0.7013684210526315,0.10570640569196892
