Threshold,Sensitivity_Mean,Sensitivity_STD,Specificity_Mean,Specificity_STD,Accuracy_Mean,Accuracy_STD
0.49,0.0,0.0,0.16511764705882354,0.0904068679663105,0.16511764705882354,0.0904068679663105
