Threshold,Sensitivity_Mean,Sensitivity_STD,Specificity_Mean,Specificity_STD,Accuracy_Mean,Accuracy_STD
0.34,0.958,0.20068950215762724,0.5611769841269841,0.20673128345117345,0.6993333333333334,0.1524064353913876
