Threshold,Sensitivity_Mean,Sensitivity_STD,Specificity_Mean,Specificity_STD,Accuracy_Mean,Accuracy_STD
0.46,0.5100809523809524,0.2573891853843971,0.5027738095238096,0.3431653795993024,0.5121428571428571,0.18639860062743735
