Threshold,Sensitivity_Mean,Sensitivity_STD,Specificity_Mean,Specificity_STD,Accuracy_Mean,Accuracy_STD
0.39,0.902,0.2974634170523906,0.17998015873015874,0.13602947793888878,0.3568,0.1520423522472501
