Threshold,Sensitivity_Mean,Sensitivity_STD,Specificity_Mean,Specificity_STD,Accuracy_Mean,Accuracy_STD
0.26,0.5882000000000001,0.39119747203783856,0.09241746031746031,0.10523010508037549,0.21370000000000003,0.13986376182511276
