Pipeline,Best_Threshold,Accuracy_Mean,Accuracy_STD,Sensitivity_Mean,Sensitivity_STD,Specificity_Mean,Specificity_STD,AUC_Mean,AUC_STD
global_supervised,0.5700000000000001,0.6792222222222222,0.11387025762407778,0.5649925278969397,0.1630672611318723,0.8290295704295704,0.14716020767300797,0.6877677483237533,0.14282958539850538
personal_ssl,0.51,0.48061111111111116,0.11969406527415821,0.502576679121532,0.16678518566263617,0.44857307692307696,0.18863377992876346,0.5134094681462328,0.1554725262504612
global_ssl,0.63,0.5612222222222222,0.11967337539531046,0.5749776423739659,0.16384211847903382,0.5428856615606615,0.19100950060259567,0.4561475000671079,0.15020340226520323
