Pipeline,Best_Threshold,Accuracy_Mean,Accuracy_STD,Sensitivity_Mean,Sensitivity_STD,Specificity_Mean,Specificity_STD,AUC_Mean,AUC_STD
global_supervised,0.54,0.4496,0.12830810432822615,0.3358112914862915,0.2048768576411696,0.5320610139860139,0.17258052920337666,0.28396760674510674,0.14522517308169833
personal_ssl,0.54,0.4666,0.12786586161855845,0.3403589466089466,0.20341989435166674,0.551775740925741,0.1752702426758474,0.4259191524216524,0.15700870902579042
global_ssl,0.53,0.4971999999999999,0.13310350562579687,0.448779797979798,0.21600849338281217,0.5294514402264402,0.18191286351831887,0.4940299963924964,0.1695939947543337
