Threshold,Sensitivity_Mean,Sensitivity_STD,Specificity_Mean,Specificity_STD,Accuracy_Mean,Accuracy_STD
0.41000000000000003,0.6288333333333332,0.3816162162330731,0.61325,0.38562298561091496,0.6635,0.24408467245471874
