Threshold,Sensitivity_Mean,Sensitivity_STD,Specificity_Mean,Specificity_STD,Accuracy_Mean,Accuracy_STD
0.12,0.0,0.0,0.24664705882352939,0.10530818105155644,0.24664705882352939,0.10530818105155644
