Threshold,Sensitivity_Mean,Sensitivity_STD,Specificity_Mean,Specificity_STD,Accuracy_Mean,Accuracy_STD
0.33,0.33346944444444443,0.2509207604137903,0.5763075396825397,0.24596796430542076,0.464,0.16273773376123568
