Threshold,Sensitivity_Mean,Sensitivity_STD,Specificity_Mean,Specificity_STD,Accuracy_Mean,Accuracy_STD
0.35000000000000003,0.33346944444444443,0.2509207604137903,0.43243650793650795,0.2470184087207474,0.3868888888888889,0.15860945567198814
