Pipeline,Best_Threshold,Accuracy_Mean,Accuracy_STD,Sensitivity_Mean,Sensitivity_STD,Specificity_Mean,Specificity_STD,AUC_Mean,AUC_STD
global_supervised,0.0,0.558125,0.1780451050560909,0.999,0.0316227766016838,0.0,0.0,0.7105478361557389,0.22027962421548644
personal_ssl,0.31,0.646125,0.16993966242129546,0.8397702380952381,0.1900282272566592,0.4025833333333333,0.2848486156368012,0.6369017465142086,0.2437986105868374
global_ssl,0.21,0.643375,0.17090111634090216,0.6775666666666667,0.2387149499332891,0.5854166666666667,0.2886779001350784,0.6043795532397355,0.22694468150327218
