Pipeline,Best_Threshold,Accuracy_Mean,Accuracy_STD,Sensitivity_Mean,Sensitivity_STD,Specificity_Mean,Specificity_STD,AUC_Mean,AUC_STD
global_supervised,0.68,0.79225,0.2108242974241451,0.586,0.4927949338688932,0.7396666666666665,0.2696331496101732,0.7404558404558405,0.29730617862329206
personal_ssl,0.59,0.6025,0.24885875648785333,0.586,0.4927949338688932,0.4992499999999999,0.2998131694033115,0.5034188034188034,0.3287176034984792
global_ssl,0.48,0.6015,0.2485146062297134,0.586,0.4927949338688932,0.49975,0.29981400408946757,0.7393162393162395,0.28568109304240996
