Pipeline,Best_Threshold,Accuracy_Mean,Accuracy_STD,Sensitivity_Mean,Sensitivity_STD,Specificity_Mean,Specificity_STD,AUC_Mean,AUC_STD
global_supervised,0.54,0.83525,0.18929016949717245,0.939,0.239450070654273,0.6318333333333334,0.38230225754923075,1.0,0.0
personal_ssl,0.53,0.83525,0.18929016949717245,0.939,0.239450070654273,0.6318333333333334,0.38230225754923075,0.8948321891685735,0.20367547641586428
global_ssl,0.49,1.0,0.0,0.939,0.239450070654273,0.935,0.2466492161670818,1.0,0.0
