Threshold,Sensitivity_Mean,Sensitivity_STD,Specificity_Mean,Specificity_STD,Accuracy_Mean,Accuracy_STD
0.42,0.49239960317460324,0.2717682953216534,0.42668571428571433,0.2509350644435988,0.45944444444444443,0.1689871091616633
