Threshold,Sensitivity_Mean,Sensitivity_STD,Specificity_Mean,Specificity_STD,Accuracy_Mean,Accuracy_STD
0.41000000000000003,1.0,0.0,0.12837839105339105,0.15926412451227862,0.6560714285714285,0.13504249802262455
