Threshold,Sensitivity_Mean,Sensitivity_STD,Specificity_Mean,Specificity_STD,Accuracy_Mean,Accuracy_STD
0.1,0.958,0.20068950215762724,0.34428531746031743,0.19622964480976895,0.551,0.16350650247516244
