Threshold,Sensitivity_Mean,Sensitivity_STD,Specificity_Mean,Specificity_STD,Accuracy_Mean,Accuracy_STD
0.34,0.958,0.20068950215762724,0.6682269841269841,0.19558393670301993,0.772888888888889,0.13777784953410324
