Threshold,Sensitivity_Mean,Sensitivity_STD,Specificity_Mean,Specificity_STD,Accuracy_Mean,Accuracy_STD
0.43,0.958,0.20068950215762724,0.6658039682539681,0.19417231286665196,0.7717777777777778,0.1365624984490593
