Pipeline,Best_Threshold,Accuracy_Mean,Accuracy_STD,Sensitivity_Mean,Sensitivity_STD,Specificity_Mean,Specificity_STD,AUC_Mean,AUC_STD
global_supervised,0.34,0.9608888888888889,0.04645066023940008,0.0,0.0,1.0,0.0,0.6596642102353761,0.11582504942768795
personal_ssl,0.61,0.9608888888888889,0.04645066023940008,0.0,0.0,1.0,0.0,0.9802505377150862,0.025780252953217755
global_ssl,0.46,0.8448333333333334,0.08470128111824786,0.0,0.0,0.8793699220713926,0.07892750051364177,0.7783723131346556,0.10136747106064745
