Threshold,Sensitivity_Mean,Sensitivity_STD,Specificity_Mean,Specificity_STD,Accuracy_Mean,Accuracy_STD
0.42,0.9459823252169227,0.0659460553401756,0.24913673304679498,0.1330998354454094,0.6214166666666666,0.1008338538249347
