Threshold,Sensitivity_Mean,Sensitivity_STD,Specificity_Mean,Specificity_STD,Accuracy_Mean,Accuracy_STD
0.25,0.902,0.29746341705239054,0.14149587912087913,0.10656690041976909,0.2865384615384615,0.12789000310545948
