Pipeline,Best_Threshold,Accuracy_Mean,Accuracy_STD,Sensitivity_Mean,Sensitivity_STD,Specificity_Mean,Specificity_STD,AUC_Mean,AUC_STD
global_supervised,0.29,0.6046428571428571,0.12745465297947006,0.37446666666666667,0.41844265348343046,0.6157982128982128,0.13377869053181302,0.6747592490583145,0.13505948673673102
personal_ssl,0.08,0.8039285714285714,0.10420013864378097,0.0,0.0,0.8925134837384838,0.08468435314479587,0.6758058919273873,0.1491235383697046
global_ssl,0.49,0.9010000000000001,0.08244776752018786,0.0,0.0,1.0,0.0,0.7289726369165621,0.17547799379184836
