Threshold,Sensitivity_Mean,Sensitivity_STD,Specificity_Mean,Specificity_STD,Accuracy_Mean,Accuracy_STD
0.49,0.8330658713190835,0.10670113021010204,0.18487501048143462,0.12127563753646152,0.53075,0.10489490188012209
