Pipeline,Best_Threshold,Accuracy_Mean,Accuracy_STD,Sensitivity_Mean,Sensitivity_STD,Specificity_Mean,Specificity_STD,AUC_Mean,AUC_STD
global_supervised,0.0,0.33375,0.23739164326549556,0.8,0.4002001501251095,0.0,0.0,0.3706530958439356,0.3399341309779125
personal_ssl,0.47000000000000003,0.83475,0.1865200451083669,0.8,0.4002001501251095,0.7451666666666668,0.29062670308699073,0.8816793893129771,0.21156099268106685
global_ssl,0.54,0.501,0.24481408034247934,0.0,0.0,0.7451666666666668,0.29062670308699073,0.38093723494486853,0.3370612948833883
