Pipeline,Best_Threshold,Accuracy_Mean,Accuracy_STD,Sensitivity_Mean,Sensitivity_STD,Specificity_Mean,Specificity_STD,AUC_Mean,AUC_STD
global_supervised,0.24,0.5005,0.2511231029053536,0.404,0.4352855079984555,0.4895833333333333,0.3296992319189907,0.48367260390161154,0.3535011790878625
personal_ssl,0.52,0.83475,0.1865200451083669,0.8,0.4002001501251095,0.7451666666666668,0.29062670308699073,0.8816793893129771,0.21156099268106685
global_ssl,0.72,0.669,0.23663261608450134,0.404,0.4352855079984555,0.7451666666666668,0.29062670308699073,0.6459923664122137,0.3357479178545054
