Threshold,Sensitivity_Mean,Sensitivity_STD,Specificity_Mean,Specificity_STD,Accuracy_Mean,Accuracy_STD
0.52,0.939,0.239450070654273,0.32175,0.3601924771077395,0.67,0.23933717279662656
0.53,0.939,0.239450070654273,0.32175,0.3601924771077395,0.67,0.23933717279662656
0.54,0.939,0.239450070654273,0.6318333333333334,0.38230225754923075,0.83525,0.18929016949717245
