Threshold,Sensitivity_Mean,Sensitivity_STD,Specificity_Mean,Specificity_STD,Accuracy_Mean,Accuracy_STD
0.32,0.9137598901098901,0.10056890314658164,0.12495609668109667,0.15305539321489922,0.6032142857142858,0.13640092505262696
