Threshold,Sensitivity_Mean,Sensitivity_STD,Specificity_Mean,Specificity_STD,Accuracy_Mean,Accuracy_STD
0.04,0.8834113275613277,0.1377465969295437,0.28755238095238095,0.2175883074634587,0.6298181818181817,0.14475260603290346
