Threshold,Sensitivity_Mean,Sensitivity_STD,Specificity_Mean,Specificity_STD,Accuracy_Mean,Accuracy_STD
0.33,0.7736576479076479,0.17586005284352577,0.28755238095238095,0.2175883074634587,0.5674545454545455,0.1490499978271234
