Threshold,Sensitivity_Mean,Sensitivity_STD,Specificity_Mean,Specificity_STD,Accuracy_Mean,Accuracy_STD
0.43,0.4399656204906205,0.21023867479038555,0.5693305555555556,0.2444125306279398,0.49972727272727263,0.1497851272479189
