Threshold,Sensitivity_Mean,Sensitivity_STD,Specificity_Mean,Specificity_STD,Accuracy_Mean,Accuracy_STD
0.14,0.8660713924963925,0.1617243945499412,0.18853759296259295,0.14549677864463995,0.4772307692307693,0.13900852746499434
