Threshold,Sensitivity_Mean,Sensitivity_STD,Specificity_Mean,Specificity_STD,Accuracy_Mean,Accuracy_STD
0.25,0.997,0.054717401199198,0.09072074314574315,0.11315468577666954,0.4745384615384615,0.13964737363419127
