Threshold,Sensitivity_Mean,Sensitivity_STD,Specificity_Mean,Specificity_STD,Accuracy_Mean,Accuracy_STD
0.29,0.37446666666666667,0.41844265348343046,0.6157982128982128,0.13377869053181302,0.6046428571428571,0.12745465297947006
