Threshold,Sensitivity_Mean,Sensitivity_STD,Specificity_Mean,Specificity_STD,Accuracy_Mean,Accuracy_STD
0.11,0.749,0.4338054715966445,0.16656986624486625,0.10518027289260086,0.2486428571428571,0.11936121287904326
