Pipeline,Best_Threshold,Accuracy_Mean,Accuracy_STD,Sensitivity_Mean,Sensitivity_STD,Specificity_Mean,Specificity_STD,AUC_Mean,AUC_STD
global_supervised,0.0,0.46622222222222215,0.17040025270716552,0.997,0.054717401199198004,0.0,0.0,0.49954460699942627,0.2284566530521095
personal_ssl,0.28,0.31122222222222223,0.15465358886027242,0.33346944444444443,0.2509207604137903,0.29257698412698413,0.23246123870711818,0.3075388857015363,0.20627339370816125
global_ssl,0.0,0.46622222222222215,0.17040025270716552,0.997,0.054717401199198004,0.0,0.0,0.4775666156690253,0.23958131322873605
