Pipeline,Best_Threshold,Accuracy_Mean,Accuracy_STD,Sensitivity_Mean,Sensitivity_STD,Specificity_Mean,Specificity_STD,AUC_Mean,AUC_STD
global_supervised,0.0,0.33375,0.23739164326549556,0.8,0.4002001501251095,0.0,0.0,0.24936386768447838,0.30992594083847114
personal_ssl,0.44,0.66675,0.2343861650660601,0.396,0.43344188984438486,0.7451666666666668,0.29062670308699073,0.8816793893129771,0.21156099268106685
global_ssl,0.52,0.5005,0.2511231029053536,0.404,0.4352855079984555,0.4895833333333333,0.3296992319189907,0.5167514843087362,0.3628668091409546
