Pipeline,Best_Threshold,Accuracy_Mean,Accuracy_STD,Sensitivity_Mean,Sensitivity_STD,Specificity_Mean,Specificity_STD,AUC_Mean,AUC_STD
global_supervised,0.0,0.14325,0.07394284233664344,0.964,0.1863833113203506,0.0,0.0,0.4525906349314409,0.1521255027958707
personal_ssl,0.39,0.3415,0.09478373372262047,0.5717345238095238,0.3131992905031559,0.29951099809072784,0.09830256017700978,0.40394869756918594,0.18565244945852433
global_ssl,0.53,0.3409583333333333,0.0945627883492488,0.5717345238095238,0.3131992905031559,0.29885798042051576,0.0968348720183724,0.4046949832447637,0.18649953050358467
