Pipeline,Best_Threshold,Accuracy_Mean,Accuracy_STD,Sensitivity_Mean,Sensitivity_STD,Specificity_Mean,Specificity_STD,AUC_Mean,AUC_STD
global_supervised,0.5,0.39741666666666664,0.10341996298732588,0.1919654761904762,0.23775391293775844,0.43119069415818473,0.11251354829925808,0.27207344284581736,0.09609996044004795
personal_ssl,0.45,0.5187083333333333,0.10369553952651711,0.7720345238095238,0.27826302704564315,0.4710466925446415,0.11184229771289513,0.6444945831449989,0.13308350806067185
global_ssl,0.42,0.3759583333333334,0.09789442115203854,0.7720345238095238,0.27826302704564315,0.30469962624291097,0.10105712177800981,0.42979041624540404,0.14623093126879036
