Pipeline,Best_Threshold,Accuracy_Mean,Accuracy_STD,Sensitivity_Mean,Sensitivity_STD,Specificity_Mean,Specificity_STD,AUC_Mean,AUC_STD
global_supervised,0.51,0.7766400000000001,0.08518666073492473,0.0,0.0,1.0,0.0,0.5690746221021717,0.08503351263034421
personal_ssl,0.63,0.7766400000000001,0.08518666073492473,0.0,0.0,1.0,0.0,0.43870929873134074,0.08769666779226545
global_ssl,0.8,0.7766400000000001,0.08518666073492473,0.0,0.0,1.0,0.0,0.5698306678224904,0.09474851541737167
