Pipeline,Best_Threshold,Accuracy_Mean,Accuracy_STD,Sensitivity_Mean,Sensitivity_STD,Specificity_Mean,Specificity_STD,AUC_Mean,AUC_STD
global_supervised,0.06,0.4608888888888889,0.17078101126334017,0.7326095238095238,0.31568294081321696,0.3268051587301587,0.19969392392209467,0.6251777015607913,0.23252963130821364
personal_ssl,0.27,0.5412222222222223,0.1709351810484626,0.24566428571428572,0.29072614719362583,0.6710904761904762,0.2003017231114481,0.24628856413825098,0.24470300608359202
global_ssl,0.1,0.3036666666666667,0.15767307655613122,0.4813690476190476,0.3386289892391437,0.21470277777777777,0.1717641353687337,0.3453598767273089,0.22082467458287347
