Pipeline,Best_Threshold,Accuracy_Mean,Accuracy_STD,Sensitivity_Mean,Sensitivity_STD,Specificity_Mean,Specificity_STD,AUC_Mean,AUC_STD
global_supervised,0.41000000000000003,0.53575,0.11358846701949912,0.0,0.0,0.6004453394043178,0.11906155547859047,0.24759126513726995,0.15276959509705165
personal_ssl,0.29,0.7516499999999999,0.10156324429926701,0.89,0.31304631925323445,0.7221612177597085,0.11020557669879873,0.8306727700295573,0.10268256496723405
global_ssl,0.43,0.5704,0.11340944273605132,0.0,0.0,0.6392020803328079,0.11538350294527869,0.505943809407112,0.1187794476305553
