Threshold,Sensitivity_Mean,Sensitivity_STD,Specificity_Mean,Specificity_STD,Accuracy_Mean,Accuracy_STD
0.33,0.7796734126984127,0.26830429718294757,0.2737377705627706,0.16748733815295236,0.4391818181818181,0.15458102078263383
