Threshold,Sensitivity_Mean,Sensitivity_STD,Specificity_Mean,Specificity_STD,Accuracy_Mean,Accuracy_STD
0.24,0.983,0.1293357171384909,0.08982676767676767,0.1093981420376783,0.3781818181818181,0.1482978090669527
