Threshold,Sensitivity_Mean,Sensitivity_STD,Specificity_Mean,Specificity_STD,Accuracy_Mean,Accuracy_STD
0.24,0.504,0.5002341793942455,0.196345696868491,0.09607929000932974,0.22794444444444442,0.09846871616595808
