Threshold,Sensitivity_Mean,Sensitivity_STD,Specificity_Mean,Specificity_STD,Accuracy_Mean,Accuracy_STD
0.38,0.0,0.0,0.8925134837384838,0.08468435314479587,0.8039285714285714,0.10420013864378097
