Pipeline,Best_Threshold,Accuracy_Mean,Accuracy_STD,Sensitivity_Mean,Sensitivity_STD,Specificity_Mean,Specificity_STD,AUC_Mean,AUC_STD
global_supervised,0.52,0.7765,0.16580684115935,0.0,0.0,1.0,0.0,0.2219064850290904,0.21286667793543756
personal_ssl,0.5,0.8915,0.12624631708300035,0.4,0.432683478735378,1.0,0.0,0.5777955158223358,0.3828706183656597
global_ssl,0.5700000000000001,0.7821666666666668,0.17254812716898105,0.4,0.432683478735378,0.8577333333333333,0.16804626212111815,0.5777955158223358,0.3828706183656597
