Pipeline,Best_Threshold,Accuracy_Mean,Accuracy_STD,Sensitivity_Mean,Sensitivity_STD,Specificity_Mean,Specificity_STD,AUC_Mean,AUC_STD
global_supervised,0.53,0.36900000000000005,0.12533172533204848,0.4830141414141414,0.27134594653773825,0.32269436951936953,0.14868319505498667,0.40943079667122007,0.17705802644074262
personal_ssl,0.46,0.42286666666666667,0.13534273321169107,0.489517316017316,0.2729108537390906,0.3929038517038516,0.16035027831487328,0.4663003361818886,0.18912402953951168
global_ssl,0.55,0.3715333333333333,0.12440352179997251,0.3247371212121212,0.2566379923675903,0.39041779886779887,0.14945794276187377,0.3820306753245261,0.19292934450182128
