Pipeline,Best_Threshold,Accuracy_Mean,Accuracy_STD,Sensitivity_Mean,Sensitivity_STD,Specificity_Mean,Specificity_STD,AUC_Mean,AUC_STD
global_supervised,0.47000000000000003,0.25299999999999995,0.1339199551564286,0.7842051587301587,0.25905972225948454,0.0,0.0,0.29339626830725507,0.2065379826857135
personal_ssl,0.15,0.31690909090909086,0.14224447155525988,0.983,0.1293357171384909,0.0,0.0,0.6545517851087536,0.23569544014403762
global_ssl,0.46,0.5583636363636364,0.15440423282214252,0.3753936507936507,0.29840887721650405,0.6365467171717171,0.18356651341037727,0.48740230748114777,0.2252182534229263
