Threshold,Sensitivity_Mean,Sensitivity_STD,Specificity_Mean,Specificity_STD,Accuracy_Mean,Accuracy_STD
0.31,0.10848968253968254,0.13225953883729605,0.7066309523809523,0.3280886104784317,0.3015555555555555,0.15816190447618447
