Threshold,Sensitivity_Mean,Sensitivity_STD,Specificity_Mean,Specificity_STD,Accuracy_Mean,Accuracy_STD
0.29,0.5607440476190477,0.2094109247734485,0.949,0.22010780869257554,0.6923333333333334,0.16100528090176433
