Pipeline,Best_Threshold,Accuracy_Mean,Accuracy_STD,Sensitivity_Mean,Sensitivity_STD,Specificity_Mean,Specificity_STD,AUC_Mean,AUC_STD
global_supervised,0.25,0.6976666666666668,0.15116869858612378,0.8800015873015873,0.14743214025954232,0.38036785714285715,0.30054671363782326,0.7431181909287815,0.20224879869508075
personal_ssl,0.4,0.5487777777777778,0.1643342899253379,0.8785107142857144,0.14563811926524323,0.0,0.0,0.6065815633789158,0.21675988431824195
global_ssl,0.37,0.6977777777777778,0.1528127835246022,1.0,0.0,0.18420714285714285,0.23208269836665707,0.6944961691397538,0.24322280052923184
