Pipeline,Best_Threshold,Accuracy_Mean,Accuracy_STD,Sensitivity_Mean,Sensitivity_STD,Specificity_Mean,Specificity_STD,AUC_Mean,AUC_STD
global_supervised,0.25,0.6976666666666668,0.15116869858612378,0.8800015873015873,0.14743214025954232,0.38036785714285715,0.30054671363782326,0.7431181909287815,0.20224879869508075
personal_ssl,0.0,0.6253333333333333,0.16169372563675133,1.0,0.0,0.0,0.0,0.46063710277050396,0.24025295688344017
global_ssl,0.48,0.6977777777777778,0.1528127835246022,1.0,0.0,0.18420714285714285,0.23208269836665707,0.49558804512979665,0.2402452506942778
