Pipeline,Best_Threshold,Accuracy_Mean,Accuracy_STD,Sensitivity_Mean,Sensitivity_STD,Specificity_Mean,Specificity_STD,AUC_Mean,AUC_STD
global_supervised,0.0,0.57775,0.11222759256320405,1.0,0.0,0.0,0.0,0.7614742029171808,0.11815982292247246
personal_ssl,0.27,0.68235,0.10259875244857514,0.9375048489908785,0.07186780074414867,0.33170637418137416,0.1714575444359674,0.6577387226294947,0.13618694507862422
global_ssl,0.47000000000000003,0.64615,0.10857931187370348,0.813452422740658,0.11702830252795131,0.4172504564879565,0.1810650050813616,0.5565368663240353,0.15070332753762675
