Threshold,Sensitivity_Mean,Sensitivity_STD,Specificity_Mean,Specificity_STD,Accuracy_Mean,Accuracy_STD
0.13,0.24566428571428572,0.29072614719362583,0.34428531746031743,0.19622964480976895,0.318,0.15567134257863124
