Threshold,Sensitivity_Mean,Sensitivity_STD,Specificity_Mean,Specificity_STD,Accuracy_Mean,Accuracy_STD
0.17,0.24566428571428572,0.29072614719362583,0.3405063492063492,0.1962085904346909,0.315,0.15775394150114144
