Threshold,Sensitivity_Mean,Sensitivity_STD,Specificity_Mean,Specificity_STD,Accuracy_Mean,Accuracy_STD
0.26,0.4969047619047619,0.33958554968732224,0.344722619047619,0.1934790267861357,0.3981111111111111,0.15982939129963583
