Threshold,Sensitivity_Mean,Sensitivity_STD,Specificity_Mean,Specificity_STD,Accuracy_Mean,Accuracy_STD
0.26,0.24566428571428572,0.29072614719362583,0.5573980158730159,0.2077982897597552,0.4633333333333334,0.1704552167193271
