Threshold,Sensitivity_Mean,Sensitivity_STD,Specificity_Mean,Specificity_STD,Accuracy_Mean,Accuracy_STD
0.52,0.6834145566035272,0.13920317393005135,0.7131221691706986,0.15418917861575362,0.697,0.09990508684672555
