Threshold,Sensitivity_Mean,Sensitivity_STD,Specificity_Mean,Specificity_STD,Accuracy_Mean,Accuracy_STD
0.53,0.9354797554569614,0.08037133377396753,0.57648576007326,0.17067715372138262,0.76405,0.0979269482174707
