Pipeline,Best_Threshold,Accuracy_Mean,Accuracy_STD,Sensitivity_Mean,Sensitivity_STD,Specificity_Mean,Specificity_STD,AUC_Mean,AUC_STD
global_supervised,0.5,0.22588888888888892,0.14391306483251876,0.494,0.5002141683461336,0.16259126984126984,0.13182790780564915,0.1599913244650087,0.13807591673310915
personal_ssl,0.51,0.4683333333333333,0.1615086240822356,0.494,0.5002141683461336,0.42416746031746033,0.16861351387762988,0.4216165413533835,0.18153710808286133
global_ssl,0.0,0.07577777777777779,0.09159462189422002,0.494,0.5002141683461336,0.0,0.0,0.0,0.0
