Threshold,Sensitivity_Mean,Sensitivity_STD,Specificity_Mean,Specificity_STD,Accuracy_Mean,Accuracy_STD
0.16,0.0,0.0,0.7992833333333333,0.22670230673798794,0.49966666666666665,0.2034074650032325
