Threshold,Sensitivity_Mean,Sensitivity_STD,Specificity_Mean,Specificity_STD,Accuracy_Mean,Accuracy_STD
0.12,0.910494898256301,0.053450804493518425,0.26737887873030686,0.08170790919199623,0.5972542372881355,0.06370600809829943
