Threshold,Sensitivity_Mean,Sensitivity_STD,Specificity_Mean,Specificity_STD,Accuracy_Mean,Accuracy_STD
0.41000000000000003,0.6984141639001159,0.08450501202932341,0.6530108884584211,0.09005584550264148,0.676542372881356,0.05981249404077372
