Threshold,Sensitivity_Mean,Sensitivity_STD,Specificity_Mean,Specificity_STD,Accuracy_Mean,Accuracy_STD
0.17,0.2896547619047619,0.34838518018143544,0.474452688990576,0.11832686772154015,0.45790000000000003,0.11157974744567241
