Threshold,Sensitivity_Mean,Sensitivity_STD,Specificity_Mean,Specificity_STD,Accuracy_Mean,Accuracy_STD
0.07,0.89,0.31304631925323445,0.12012269762830909,0.08022109541893466,0.21485,0.09667638710576551
