Threshold,Sensitivity_Mean,Sensitivity_STD,Specificity_Mean,Specificity_STD,Accuracy_Mean,Accuracy_STD
0.35000000000000003,0.7972992063492064,0.2552051526001735,0.45673538961038956,0.1828590119649838,0.5687272727272727,0.15045943972273515
