Threshold,Sensitivity_Mean,Sensitivity_STD,Specificity_Mean,Specificity_STD,Accuracy_Mean,Accuracy_STD
0.26,0.87125670995671,0.16505663883282534,0.5411154817404817,0.19999794777860086,0.683,0.13573103564881045
