Threshold,Sensitivity_Mean,Sensitivity_STD,Specificity_Mean,Specificity_STD,Accuracy_Mean,Accuracy_STD
0.43,0.3556166666666667,0.41349154967246854,0.0800626984126984,0.09184810419621323,0.1337,0.10717180504123179
