Pipeline,Best_Threshold,Accuracy_Mean,Accuracy_STD,Sensitivity_Mean,Sensitivity_STD,Specificity_Mean,Specificity_STD,AUC_Mean,AUC_STD
global_supervised,0.28,0.5073333333333333,0.20327537094293432,0.63615,0.366349712479833,0.4088333333333333,0.26508597875347395,0.6035067607289829,0.26645641926443203
personal_ssl,0.37,0.6248333333333332,0.19417606245910185,0.63615,0.366349712479833,0.5917833333333333,0.2747573276349315,0.6652322163433275,0.2610776764003318
global_ssl,0.5,0.49966666666666665,0.2034074650032325,0.0,0.0,0.7992833333333333,0.22670230673798794,0.38770723104056437,0.2748517172138916
