Pipeline,Best_Threshold,Accuracy_Mean,Accuracy_STD,Sensitivity_Mean,Sensitivity_STD,Specificity_Mean,Specificity_STD,AUC_Mean,AUC_STD
global_supervised,0.32,0.631,0.1957594600795964,0.948,0.22213812222431648,0.4088333333333333,0.26508597875347395,0.6154144620811287,0.26798187409303587
personal_ssl,0.36,0.372,0.19913727841781823,0.0,0.0,0.5917833333333333,0.2747573276349315,0.38770723104056437,0.2748517172138916
global_ssl,0.47000000000000003,0.49966666666666665,0.2034074650032325,0.0,0.0,0.7992833333333333,0.22670230673798794,0.38770723104056437,0.2748517172138916
