Threshold,Sensitivity_Mean,Sensitivity_STD,Specificity_Mean,Specificity_STD,Accuracy_Mean,Accuracy_STD
0.12,0.0,0.0,0.5604400793650793,0.18350640868076934,0.47222222222222215,0.1644929242236593
