Pipeline,Best_Threshold,Accuracy_Mean,Accuracy_STD,Sensitivity_Mean,Sensitivity_STD,Specificity_Mean,Specificity_STD,AUC_Mean,AUC_STD
global_supervised,0.0,0.40571428571428575,0.1881236097180513,0.967,0.17872588772459053,0.0,0.0,0.4195134575569358,0.18525008130198217
personal_ssl,0.0,0.40571428571428575,0.1881236097180513,0.967,0.17872588772459053,0.0,0.0,0.3778985507246377,0.18310142547701355
global_ssl,0.0,0.40571428571428575,0.1881236097180513,0.967,0.17872588772459053,0.0,0.0,0.5804865424430642,0.18525008130198217
