Pipeline,Best_Threshold,Accuracy_Mean,Accuracy_STD,Sensitivity_Mean,Sensitivity_STD,Specificity_Mean,Specificity_STD,AUC_Mean,AUC_STD
global_supervised,0.0,0.708,0.21161469887694662,0.997,0.054717401199198,0.0,0.0,0.3966625207296849,0.35333526199878196
personal_ssl,0.0,0.708,0.21161469887694662,0.997,0.054717401199198,0.0,0.0,0.49730514096185735,0.3173941743098178
global_ssl,0.0,0.708,0.21161469887694662,0.997,0.054717401199198,0.0,0.0,0.7062603648424545,0.24956726224724857
