Pipeline,Best_Threshold,Accuracy_Mean,Accuracy_STD,Sensitivity_Mean,Sensitivity_STD,Specificity_Mean,Specificity_STD,AUC_Mean,AUC_STD
global_supervised,0.15,0.5020833333333333,0.10606585333188433,0.885868319872422,0.09246426673189102,0.06229005799841712,0.07379124233198651,0.5688674065446221,0.1267504319452622
personal_ssl,0.0,0.534125,0.10576015910029442,1.0,0.0,0.0,0.0,0.5157699736942482,0.1203812769595407
global_ssl,0.21,0.534125,0.10576015910029442,1.0,0.0,0.0,0.0,0.5365823354515353,0.11863457243651258
