Pipeline,Best_Threshold,Accuracy_Mean,Accuracy_STD,Sensitivity_Mean,Sensitivity_STD,Specificity_Mean,Specificity_STD,AUC_Mean,AUC_STD
global_supervised,0.0,0.2156,0.1340694395252498,0.902,0.2974634170523906,0.0,0.0,0.4344827631717876,0.27952612215985273
personal_ssl,0.27,0.2156,0.1340694395252498,0.902,0.2974634170523906,0.0,0.0,0.4275659909196495,0.20534492463037324
global_ssl,0.39,0.3568,0.1520423522472501,0.902,0.2974634170523906,0.17998015873015874,0.13602947793888878,0.24154629922922605,0.15327487445872756
