Pipeline,Best_Threshold,Accuracy_Mean,Accuracy_STD,Sensitivity_Mean,Sensitivity_STD,Specificity_Mean,Specificity_STD,AUC_Mean,AUC_STD
global_supervised,0.31,0.6032142857142858,0.13640092505262696,0.9137598901098901,0.10056890314658164,0.12495609668109667,0.15305539321489922,0.4739973021719054,0.19606788317722124
personal_ssl,0.0,0.6071428571428571,0.13694322664840308,1.0,0.0,0.0,0.0,0.8117097281779821,0.16391850352764972
global_ssl,0.0,0.6071428571428571,0.13694322664840308,1.0,0.0,0.0,0.0,0.7316998449934957,0.1514721806074952
