Pipeline,Best_Threshold,Accuracy_Mean,Accuracy_STD,Sensitivity_Mean,Sensitivity_STD,Specificity_Mean,Specificity_STD,AUC_Mean,AUC_STD
global_supervised,0.46,0.4570714285714286,0.1375720313832756,0.7521921328671328,0.15494696608353173,0.0,0.0,0.6352566338677449,0.16835007615727746
personal_ssl,0.19,0.7024285714285714,0.1248161402414894,0.916454181929182,0.10246128297814129,0.3709369769119769,0.2209052908994625,0.7295512275671006,0.14170899532010708
global_ssl,0.0,0.6071428571428571,0.13694322664840308,1.0,0.0,0.0,0.0,0.7125337887242649,0.17213556894009954
