Pipeline,Best_Threshold,Accuracy_Mean,Accuracy_STD,Sensitivity_Mean,Sensitivity_STD,Specificity_Mean,Specificity_STD,AUC_Mean,AUC_STD
global_supervised,0.32,0.725625,0.15824119138090958,0.8818380952380953,0.12991766538433963,0.0,0.0,0.6703693869121378,0.1940659911199292
personal_ssl,0.5,0.735125,0.15724291624651876,0.8927428571428572,0.12686121464571756,0.0,0.0,0.38352437009500207,0.2288038328752976
global_ssl,0.48,0.822625,0.13113325400258055,1.0,0.0,0.0,0.0,0.4795937334041423,0.3448643179571809
