Threshold,Sensitivity_Mean,Sensitivity_STD,Specificity_Mean,Specificity_STD,Accuracy_Mean,Accuracy_STD
0.14,0.0,0.0,0.9468513431013431,0.062366654615061634,0.8528571428571429,0.09368096424480989
