Threshold,Sensitivity_Mean,Sensitivity_STD,Specificity_Mean,Specificity_STD,Accuracy_Mean,Accuracy_STD
0.48,0.37446666666666667,0.41844265348343046,0.7237527084027083,0.12574097497232312,0.7022857142857142,0.12017433354036311
