Threshold,Sensitivity_Mean,Sensitivity_STD,Specificity_Mean,Specificity_STD,Accuracy_Mean,Accuracy_STD
0.55,0.5017428571428572,0.23042821407241126,0.37032738095238094,0.22106797211046544,0.4351818181818181,0.15032651419755647
