Threshold,Sensitivity_Mean,Sensitivity_STD,Specificity_Mean,Specificity_STD,Accuracy_Mean,Accuracy_STD
0.24,0.8861217171717173,0.1361094305329468,0.14532896825396824,0.1837866644212554,0.569,0.15230259478386626
