Pipeline,Best_Threshold,Accuracy_Mean,Accuracy_STD,Sensitivity_Mean,Sensitivity_STD,Specificity_Mean,Specificity_STD,AUC_Mean,AUC_STD
global_supervised,0.0,0.708,0.21161469887694662,0.997,0.054717401199198,0.0,0.0,0.39821724709784406,0.27906479959944
personal_ssl,0.0,0.708,0.21161469887694662,0.997,0.054717401199198,0.0,0.0,0.6002280265339967,0.285079563480709
global_ssl,0.0,0.708,0.21161469887694662,0.997,0.054717401199198,0.0,0.0,0.498134328358209,0.27613648416084946
