Pipeline,Best_Threshold,Accuracy_Mean,Accuracy_STD,Sensitivity_Mean,Sensitivity_STD,Specificity_Mean,Specificity_STD,AUC_Mean,AUC_STD
global_supervised,0.53,0.6443333333333332,0.1411028742876748,0.7444073953823954,0.1987887978703864,0.5563310606060606,0.2092945269092875,0.5563310606060606,0.2092945269092875
personal_ssl,0.55,0.8775,0.09597548972504018,1.0,0.0,0.7676838383838384,0.17395402328987847,0.9284779461279461,0.09108471707812138
global_ssl,0.52,0.41491666666666666,0.14180029125632343,0.13170162337662336,0.14493648477947746,0.6725170634920634,0.1976488200688997,0.2531536495911496,0.1710691913784085
