Pipeline,Best_Threshold,Accuracy_Mean,Accuracy_STD,Sensitivity_Mean,Sensitivity_STD,Specificity_Mean,Specificity_STD,AUC_Mean,AUC_STD
global_supervised,0.51,0.58775,0.14613697594366795,0.7692487734487734,0.17641753757445827,0.37914426406926405,0.22256540571396055,0.6206768428330929,0.19695396928390863
personal_ssl,0.42,0.7099166666666668,0.13318202855681502,0.8848152597402598,0.13560402981559308,0.506896645021645,0.22540335047448315,0.6093472973785474,0.18619298351663047
global_ssl,0.51,0.4666666666666667,0.14722245830717468,0.4373618326118326,0.20514170378001068,0.49915584415584413,0.22374779621276733,0.38927447089947087,0.19782849747885234
