Pipeline,Best_Threshold,Accuracy_Mean,Accuracy_STD,Sensitivity_Mean,Sensitivity_STD,Specificity_Mean,Specificity_STD,AUC_Mean,AUC_STD
global_supervised,0.18,0.36,0.1662720553682921,0.522,0.4997657108743713,0.2972464285714286,0.16464915537476688,1.0,2.005468425947606e-17
personal_ssl,0.38,0.643375,0.17090111634090216,0.0,0.0,0.7055142857142858,0.16817591800820147,0.4975095785440613,0.2007680449138031
global_ssl,0.26,0.089375,0.1040182877150897,0.522,0.4997657108743713,0.0,0.0,0.7032840722495893,0.18030133943323942
