Pipeline,Best_Threshold,Accuracy_Mean,Accuracy_STD,Sensitivity_Mean,Sensitivity_STD,Specificity_Mean,Specificity_STD,AUC_Mean,AUC_STD
global_supervised,0.51,0.7717777777777778,0.14004728798695865,0.0,0.0,0.9149436507936508,0.1029886171199968,0.5967819301260022,0.19167966353091148
personal_ssl,0.45,0.7631111111111111,0.14290764652369414,0.0,0.0,0.9048059523809525,0.10949444758311147,0.0,0.0
global_ssl,0.65,0.8435555555555557,0.12175348179860472,0.0,0.0,1.0,0.0,0.23704845769923089,0.16702965692092506
