Pipeline,Best_Threshold,Accuracy_Mean,Accuracy_STD,Sensitivity_Mean,Sensitivity_STD,Specificity_Mean,Specificity_STD,AUC_Mean,AUC_STD
global_supervised,0.34,0.7717777777777778,0.14004728798695865,0.0,0.0,0.9149436507936508,0.1029886171199968,0.5494845360824742,0.19147498556288206
personal_ssl,0.47000000000000003,0.5277777777777778,0.1661375205961131,0.0,0.0,0.6267742063492062,0.18108564500045446,0.0,0.0
global_ssl,0.51,0.8435555555555557,0.12175348179860472,0.0,0.0,1.0,0.0,0.09454927589592539,0.11327307712943814
