Threshold,Sensitivity_Mean,Sensitivity_STD,Specificity_Mean,Specificity_STD,Accuracy_Mean,Accuracy_STD
0.51,0.37560000000000004,0.4158362442166705,0.7576036935759459,0.1027089960601333,0.7387368421052631,0.10028124349019603
