Threshold,Sensitivity_Mean,Sensitivity_STD,Specificity_Mean,Specificity_STD,Accuracy_Mean,Accuracy_STD
0.19,0.948,0.22213812222431648,0.2013333333333333,0.2166580681541171,0.5033333333333333,0.1993761820606569
