Threshold,Sensitivity_Mean,Sensitivity_STD,Specificity_Mean,Specificity_STD,Accuracy_Mean,Accuracy_STD
0.43,0.37560000000000004,0.4158362442166705,1.0,0.0,0.9628947368421055,0.044055985399456314
