Threshold,Sensitivity_Mean,Sensitivity_STD,Specificity_Mean,Specificity_STD,Accuracy_Mean,Accuracy_STD
0.52,0.37560000000000004,0.4158362442166705,0.8405639046711804,0.0904994149910862,0.8156315789473684,0.0916306874714339
