Threshold,Sensitivity_Mean,Sensitivity_STD,Specificity_Mean,Specificity_STD,Accuracy_Mean,Accuracy_STD
0.56,0.75,0.4332293707583636,0.7235491843768546,0.10858040409003235,0.7442105263157893,0.10167751056890932
