Threshold,Sensitivity_Mean,Sensitivity_STD,Specificity_Mean,Specificity_STD,Accuracy_Mean,Accuracy_STD
0.17,0.75,0.4332293707583636,0.39300099258326815,0.11842624484291275,0.43873684210526315,0.11501992938092039
