Threshold,Sensitivity_Mean,Sensitivity_STD,Specificity_Mean,Specificity_STD,Accuracy_Mean,Accuracy_STD
0.42,0.346759126984127,0.19776715340962853,0.7066309523809523,0.3280886104784317,0.46555555555555556,0.16983057048006156
