Pipeline,Best_Threshold,Accuracy_Mean,Accuracy_STD,Sensitivity_Mean,Sensitivity_STD,Specificity_Mean,Specificity_STD,AUC_Mean,AUC_STD
global_supervised,0.53,0.738,0.1376769950098961,0.7723531746031747,0.146032397507771,0.36916666666666664,0.4235449947582984,0.7311145826657267,0.2117058104474677
personal_ssl,0.6,0.9359,0.07646592075583107,1.0,0.0,0.36916666666666664,0.4235449947582984,0.5352504860176462,0.3959916641098582
global_ssl,0.48,0.794,0.12664927966648704,0.8369904761904762,0.1281522954886385,0.3738333333333333,0.4249598762848178,0.4161221666773484,0.3581135957032435
