Pipeline,Best_Threshold,Accuracy_Mean,Accuracy_STD,Sensitivity_Mean,Sensitivity_STD,Specificity_Mean,Specificity_STD,AUC_Mean,AUC_STD
global_supervised,0.0,0.8594,0.15715068035594482,0.999,0.03162277660168379,0.0,0.0,0.6635101010101011,0.2586588822273101
personal_ssl,0.0,0.8594,0.15715068035594482,0.999,0.03162277660168379,0.0,0.0,0.34027777777777773,0.2508244190066129
global_ssl,0.0,0.8594,0.15715068035594482,0.999,0.03162277660168379,0.0,0.0,0.8252840909090909,0.20515680353562243
