Pipeline,Best_Threshold,Accuracy_Mean,Accuracy_STD,Sensitivity_Mean,Sensitivity_STD,Specificity_Mean,Specificity_STD,AUC_Mean,AUC_STD
global_supervised,0.55,0.3975,0.153646859249896,0.3826670634920635,0.16784482238064288,0.3738333333333333,0.4249598762848178,0.49852880856245596,0.1904043663949384
personal_ssl,0.61,0.2581,0.13576753228523683,0.22210555555555556,0.14041293343528616,0.36916666666666664,0.4235449947582984,0.18194172060928454,0.15005345427450534
global_ssl,0.56,0.8604,0.10593895913715153,0.8399119047619049,0.12047747455819184,0.743,0.4371980582552285,0.8372973146189835,0.12252777651516755
