Threshold,Sensitivity_Mean,Sensitivity_STD,Specificity_Mean,Specificity_STD,Accuracy_Mean,Accuracy_STD
0.1,1.0,0.0,0.22436009962259962,0.14435321802387063,0.6296842105263158,0.11059044654655294
