Threshold,Sensitivity_Mean,Sensitivity_STD,Specificity_Mean,Specificity_STD,Accuracy_Mean,Accuracy_STD
0.43,0.7133572036623507,0.1548090573276252,0.5350138111888111,0.17680880596131834,0.6293157894736842,0.11497227080991378
