Threshold,Sensitivity_Mean,Sensitivity_STD,Specificity_Mean,Specificity_STD,Accuracy_Mean,Accuracy_STD
0.42,0.750304256854257,0.2125685873655179,0.35874424741924743,0.18416555960619882,0.5269230769230769,0.14532292278915482
