Threshold,Sensitivity_Mean,Sensitivity_STD,Specificity_Mean,Specificity_STD,Accuracy_Mean,Accuracy_STD
0.39,0.44423333333333337,0.20577484540950244,0.949,0.22010780869257554,0.6116666666666667,0.16533502049576693
