Threshold,Sensitivity_Mean,Sensitivity_STD,Specificity_Mean,Specificity_STD,Accuracy_Mean,Accuracy_STD
0.28,0.8932837301587302,0.1255048142584943,0.24236904761904765,0.2897258671996856,0.6993333333333334,0.1524064353913876
