Pipeline,Best_Threshold,Accuracy_Mean,Accuracy_STD,Sensitivity_Mean,Sensitivity_STD,Specificity_Mean,Specificity_STD,AUC_Mean,AUC_STD
global_supervised,0.0,0.46622222222222215,0.17040025270716552,0.997,0.054717401199198004,0.0,0.0,0.4757474341811691,0.23401430554219724
personal_ssl,0.33,0.464,0.16273773376123568,0.33346944444444443,0.2509207604137903,0.5763075396825397,0.24596796430542076,0.47790487346210236,0.23094178212577204
global_ssl,0.0,0.46622222222222215,0.17040025270716552,0.997,0.054717401199198004,0.0,0.0,0.3107373940205265,0.20902239750105484
