Pipeline,Best_Threshold,Accuracy_Mean,Accuracy_STD,Sensitivity_Mean,Sensitivity_STD,Specificity_Mean,Specificity_STD,AUC_Mean,AUC_STD
global_supervised,0.0,0.5015,0.25037059618780205,0.939,0.239450070654273,0.0,0.0,1.0,0.0
personal_ssl,0.0,0.5015,0.25037059618780205,0.939,0.239450070654273,0.0,0.0,0.7766018306636155,0.3000511319824513
global_ssl,0.0,0.5015,0.25037059618780205,0.939,0.239450070654273,0.0,0.0,0.6492181540808544,0.34166146386815205
