Threshold,Sensitivity_Mean,Sensitivity_STD,Specificity_Mean,Specificity_STD,Accuracy_Mean,Accuracy_STD
0.48,0.8369904761904762,0.1281522954886385,0.3738333333333333,0.4249598762848178,0.794,0.12664927966648704
