Threshold,Sensitivity_Mean,Sensitivity_STD,Specificity_Mean,Specificity_STD,Accuracy_Mean,Accuracy_STD
0.3,0.902,0.29746341705239054,0.20419859584859587,0.12217147671531564,0.33892307692307694,0.13207744079715994
