Threshold,Sensitivity_Mean,Sensitivity_STD,Specificity_Mean,Specificity_STD,Accuracy_Mean,Accuracy_STD
0.32,0.902,0.29746341705239054,0.33453743478743475,0.14339728011625535,0.4475384615384616,0.13751970428093283
