Threshold,Sensitivity_Mean,Sensitivity_STD,Specificity_Mean,Specificity_STD,Accuracy_Mean,Accuracy_STD
0.23,0.6694488095238095,0.24239195103551678,0.5931345238095238,0.2883687947133476,0.638375,0.17163899416892223
