Threshold,Sensitivity_Mean,Sensitivity_STD,Specificity_Mean,Specificity_STD,Accuracy_Mean,Accuracy_STD
0.51,0.507245238095238,0.25628721903984664,0.5931345238095238,0.2883687947133476,0.5485,0.17542027326472923
