Threshold,Sensitivity_Mean,Sensitivity_STD,Specificity_Mean,Specificity_STD,Accuracy_Mean,Accuracy_STD
0.45,0.8565436507936507,0.17745695264549838,0.31737648960516607,0.13173136005777816,0.4628333333333334,0.11959387388147698
0.46,0.8565436507936507,0.17745695264549838,0.423165018396636,0.13771448007239823,0.5395555555555557,0.1198212107877959
0.47000000000000003,0.7181996031746032,0.2313672691318167,0.423165018396636,0.13771448007239823,0.5018333333333334,0.11941900932714845
0.48,0.7181996031746032,0.2313672691318167,0.423165018396636,0.13771448007239823,0.5018333333333334,0.11941900932714845
