Pipeline,Best_Threshold,Accuracy_Mean,Accuracy_STD,Sensitivity_Mean,Sensitivity_STD,Specificity_Mean,Specificity_STD,AUC_Mean,AUC_STD
global_supervised,0.5,0.5982777777777777,0.1183760900738418,0.3846,0.41841117086892876,0.60532994236156,0.1237970577259816,0.3821319549226729,0.2874341782061349
personal_ssl,0.13,0.8011111111111112,0.09402627135613341,0.3846,0.41841117086892876,0.8259671451914099,0.09277399079104323,0.7084398685125236,0.20662176176416067
global_ssl,0.04,0.8387777777777778,0.08568487295321481,0.3846,0.41841117086892876,0.8670075881634707,0.08206551975049269,0.8107623355374735,0.1319474632463329
