Threshold,Sensitivity_Mean,Sensitivity_STD,Specificity_Mean,Specificity_STD,Accuracy_Mean,Accuracy_STD
0.4,0.7168547619047619,0.2144216637535683,0.2490952380952381,0.280198149648706,0.555875,0.17815119203143778
