Threshold,Sensitivity_Mean,Sensitivity_STD,Specificity_Mean,Specificity_STD,Accuracy_Mean,Accuracy_STD
0.44,0.8618107142857143,0.16370040360503424,0.2606452380952381,0.29567986541692637,0.64875,0.17220072761341804
