Threshold,Sensitivity_Mean,Sensitivity_STD,Specificity_Mean,Specificity_STD,Accuracy_Mean,Accuracy_STD
0.51,0.20293333333333333,0.22956525624218532,0.807,0.394850486775573,0.43420000000000003,0.22724876677773634
