Threshold,Sensitivity_Mean,Sensitivity_STD,Specificity_Mean,Specificity_STD,Accuracy_Mean,Accuracy_STD
0.06,0.0,0.0,0.08288235294117648,0.06735307038338571,0.08288235294117648,0.06735307038338571
