Threshold,Sensitivity_Mean,Sensitivity_STD,Specificity_Mean,Specificity_STD,Accuracy_Mean,Accuracy_STD
0.14,0.75,0.4332293707583636,0.401045633266802,0.11537845905661802,0.44542105263157894,0.11602237928276377
0.15,0.75,0.4332293707583636,0.401045633266802,0.11537845905661802,0.44542105263157894,0.11602237928276377
0.16,0.75,0.4332293707583636,0.401045633266802,0.11537845905661802,0.44542105263157894,0.11602237928276377
0.17,0.75,0.4332293707583636,0.44282314090278485,0.11559698392543508,0.4841052631578947,0.1147265512954777
0.18,0.75,0.4332293707583636,0.44282314090278485,0.11559698392543508,0.4841052631578947,0.1147265512954777
0.19,0.75,0.4332293707583636,0.44282314090278485,0.11559698392543508,0.4841052631578947,0.1147265512954777
