Threshold,Sensitivity_Mean,Sensitivity_STD,Specificity_Mean,Specificity_STD,Accuracy_Mean,Accuracy_STD
0.04,0.757,0.4291097005838194,0.33851350193923724,0.11788710853297958,0.391,0.11783875590036255
0.05,0.757,0.4291097005838194,0.3805115510306687,0.12160825416017422,0.4297222222222222,0.1197918001535414
0.06,0.757,0.4291097005838194,0.3805115510306687,0.12160825416017422,0.4297222222222222,0.1197918001535414
0.07,0.757,0.4291097005838194,0.4262042286145228,0.12652559210817035,0.47177777777777785,0.12298796534566617
0.08,0.757,0.4291097005838194,0.4692444938231703,0.12760821833749686,0.5113888888888889,0.12315162902348692
0.09,0.757,0.4291097005838194,0.4692444938231703,0.12760821833749686,0.5113888888888889,0.12315162902348692
0.1,0.757,0.4291097005838194,0.4692444938231703,0.12760821833749686,0.5113888888888889,0.12315162902348692
0.11,0.757,0.4291097005838194,0.4692444938231703,0.12760821833749686,0.5113888888888889,0.12315162902348692
0.12,0.757,0.4291097005838194,0.4692444938231703,0.12760821833749686,0.5113888888888889,0.12315162902348692
