Threshold,Sensitivity_Mean,Sensitivity_STD,Specificity_Mean,Specificity_STD,Accuracy_Mean,Accuracy_STD
0.32,0.983,0.1293357171384909,0.0966107142857143,0.11281663579538245,0.3833636363636363,0.1447267429594417
