Threshold,Sensitivity_Mean,Sensitivity_STD,Specificity_Mean,Specificity_STD,Accuracy_Mean,Accuracy_STD
0.5,0.6246666666666667,0.38424931545197866,0.30316666666666664,0.353228393643339,0.4985,0.2553192862631766
