Threshold,Sensitivity_Mean,Sensitivity_STD,Specificity_Mean,Specificity_STD,Accuracy_Mean,Accuracy_STD
0.39,0.8342872405372406,0.13436272239124156,0.5003116883116883,0.23572651722845028,0.7044285714285714,0.12490841571486698
