Threshold,Sensitivity_Mean,Sensitivity_STD,Specificity_Mean,Specificity_STD,Accuracy_Mean,Accuracy_STD
0.51,0.0,0.0,0.5027738095238096,0.3431653795993024,0.20214285714285712,0.15239000134007083
