Pipeline,Best_Threshold,Accuracy_Mean,Accuracy_STD,Sensitivity_Mean,Sensitivity_STD,Specificity_Mean,Specificity_STD,AUC_Mean,AUC_STD
global_supervised,0.29,0.6923333333333334,0.16100528090176433,0.5607440476190477,0.2094109247734485,0.949,0.22010780869257554,0.5903812701757907,0.2065267236465431
personal_ssl,0.43,0.6048888888888889,0.16128232170928689,0.43203452380952384,0.20479242876449552,0.949,0.22010780869257554,0.5205178383260575,0.20950553709337855
global_ssl,0.35000000000000003,0.7681111111111111,0.14440683784467334,0.6692337301587302,0.19206800633020088,0.949,0.22010780869257554,0.6713620854031813,0.19349445084371447
