Pipeline,Best_Threshold,Accuracy_Mean,Accuracy_STD,Sensitivity_Mean,Sensitivity_STD,Specificity_Mean,Specificity_STD,AUC_Mean,AUC_STD
global_supervised,0.31,0.3015555555555555,0.15816190447618447,0.10848968253968254,0.13225953883729605,0.7066309523809523,0.3280886104784317,0.08209727867262114,0.11368619630100048
personal_ssl,0.31,0.4573333333333333,0.16802523439344824,0.22118373015873016,0.17702870573955404,0.949,0.22010780869257554,0.3627281014267315,0.23008392701329725
global_ssl,0.45,0.7681111111111111,0.14440683784467334,0.6692337301587302,0.19206800633020088,0.949,0.22010780869257554,0.6996667335708432,0.1854813610898457
