Pipeline,Best_Threshold,Accuracy_Mean,Accuracy_STD,Sensitivity_Mean,Sensitivity_STD,Specificity_Mean,Specificity_STD,AUC_Mean,AUC_STD
global_supervised,0.28,0.5716,0.22136495305816242,0.948,0.22213812222431645,0.24403333333333332,0.28016285165179894,0.9235963041933192,0.15599776829225923
personal_ssl,0.55,0.8594,0.15715068035594482,0.948,0.22213812222431645,0.7459666666666667,0.2889906246518946,1.0,0.0
global_ssl,0.49,0.8594,0.15715068035594482,0.948,0.22213812222431645,0.7459666666666667,0.2889906246518946,0.920042643923241,0.1516847889096048
