Threshold,Sensitivity_Mean,Sensitivity_STD,Specificity_Mean,Specificity_STD,Accuracy_Mean,Accuracy_STD
0.49,0.7186932539682539,0.32400926945124936,0.3093331590193433,0.10911086461876326,0.3704285714285714,0.10446898412412832
