Threshold,Sensitivity_Mean,Sensitivity_STD,Specificity_Mean,Specificity_STD,Accuracy_Mean,Accuracy_STD
0.42,0.8848152597402598,0.13560402981559308,0.506896645021645,0.22540335047448315,0.7099166666666668,0.13318202855681502
0.43,0.8848152597402598,0.13560402981559308,0.506896645021645,0.22540335047448315,0.7099166666666668,0.13318202855681502
0.44,0.8848152597402598,0.13560402981559308,0.506896645021645,0.22540335047448315,0.7099166666666668,0.13318202855681502
0.45,0.8848152597402598,0.13560402981559308,0.506896645021645,0.22540335047448315,0.7099166666666668,0.13318202855681502
0.46,0.8848152597402598,0.13560402981559308,0.506896645021645,0.22540335047448315,0.7099166666666668,0.13318202855681502
0.47000000000000003,0.7666636724386724,0.17753238770940513,0.506896645021645,0.22540335047448315,0.6463333333333332,0.13922541811890426
