Pipeline,Best_Threshold,Accuracy_Mean,Accuracy_STD,Sensitivity_Mean,Sensitivity_STD,Specificity_Mean,Specificity_STD,AUC_Mean,AUC_STD
global_supervised,0.17,0.5219473684210526,0.11713410719952383,1.0,0.0,0.0,0.0,0.6125750046522105,0.13747738602499018
personal_ssl,0.27,0.6695263157894736,0.10577766624599591,0.9282499514374515,0.08750977530246078,0.38422908896658897,0.16619116409010498,0.6353470090367149,0.13537047575498054
global_ssl,0.52,0.5175263157894736,0.11633837595657456,0.7121518005687124,0.14957308632411145,0.3047322427572427,0.1627752164246203,0.5946641884259531,0.14148494678442008
