Threshold,Sensitivity_Mean,Sensitivity_STD,Specificity_Mean,Specificity_STD,Accuracy_Mean,Accuracy_STD
0.01,0.7186932539682539,0.32400926945124936,0.03838735077701796,0.04698860400186733,0.13604761904761903,0.07533830057150473
