Threshold,Sensitivity_Mean,Sensitivity_STD,Specificity_Mean,Specificity_STD,Accuracy_Mean,Accuracy_STD
0.21,0.7186932539682539,0.32400926945124936,0.11256946811788143,0.07580776960325239,0.2002857142857143,0.08703877345002393
