Threshold,Sensitivity_Mean,Sensitivity_STD,Specificity_Mean,Specificity_STD,Accuracy_Mean,Accuracy_STD
0.65,0.0,0.0,0.9212745412267472,0.06314721558996604,0.8851111111111113,0.07267140417548491
