Threshold,Sensitivity_Mean,Sensitivity_STD,Specificity_Mean,Specificity_STD,Accuracy_Mean,Accuracy_STD
0.3,0.504,0.5002341793942455,0.5571694022480786,0.12011464809681695,0.5745,0.11681393007553419
