Pipeline,Best_Threshold,Accuracy_Mean,Accuracy_STD,Sensitivity_Mean,Sensitivity_STD,Specificity_Mean,Specificity_STD,AUC_Mean,AUC_STD
global_supervised,0.42,0.46555555555555556,0.16983057048006156,0.346759126984127,0.19776715340962853,0.7066309523809523,0.3280886104784317,0.259501229364243,0.1827776803761347
personal_ssl,0.36,0.5331111111111111,0.16856319097543496,0.32967341269841266,0.19846361711818572,0.949,0.22010780869257554,0.44482538009935274,0.22102521397257824
global_ssl,0.39,0.6116666666666667,0.16533502049576693,0.44423333333333337,0.20577484540950244,0.949,0.22010780869257554,0.5859145800926623,0.23280792942982645
