Threshold,Sensitivity_Mean,Sensitivity_STD,Specificity_Mean,Specificity_STD,Accuracy_Mean,Accuracy_STD
0.27,0.24566428571428572,0.29072614719362583,0.5589880952380952,0.20938506198428172,0.4646666666666666,0.1697933097611463
