Threshold,Sensitivity_Mean,Sensitivity_STD,Specificity_Mean,Specificity_STD,Accuracy_Mean,Accuracy_STD
0.4,0.6255338416393279,0.08747129407128955,0.7768664196425512,0.08002101526350863,0.6992203389830508,0.0593650007876299
